Time	Austria	Belgium	Canada	Chile	Colombia	Denmark	Estonia	Finland	France	Germany	Greece	Hungary	Iceland	Ireland	Israel	Italy	Japan	Korea	Latvia	Lithuania	Luxembourg	Mexico	Netherlands	Norway	Poland	Portugal	Slovenia	Spain	Sweden	Switzerland	United_Kingdom		Euro_area	G7	G20	OECD	  Brazil	  India	  Indonesia	  Russia
Jan-2000	73,5	73,8	73,9	60,8	47,1	74,9	58,4	77,6	79,2	79,5	69,9	49,7	45,7	72,3	75,5	74,1	99,2	65,8	54,9	69,3	71,5	51,3	73,6	74,5	67,9	72	60,3	70	82,3	92,8	72,6	71,2	74,8	75,9	59,8	69,8	37,1	35,7	32,5	18,8
Feb-2000	73,95782	74,11115	74,34817	61,11745	48,18894	75,40388	58,49982	78,13963	79,27	79,57813	69,78517	50,25907	45,53262	72,8632	75,26021	74,32545	98,85467	66,04089	55,1951	69,3486	72,44603	51,71365	74	74,8	68,43295	71,83872	60,89	70,13805	82,66904	93,14778	72,8	71,64043	75,06	76,15012	60,13014	70,18038	37,13331	35,65413	32,47869	19,01899
Mar-2000	74,2	74,4	74,9	61,6	49	75,9	58,9	78,6	79,6	79,6	71,5	50,7	45,9	73,4	74,9	74,5	99,1	66,4	55,1	69,2	72,6	52	74,7	74,9	69,1	71,9	61,4	70,4	83,1	93,1	73	72,2	75,3	76,6	60,4	70,6	37,2	36	32,3	19,1
Apr-2000	74,11687	74,5373	74,66421	61,85841	49,50237	76,01382	58,96126	78,79639	79,64	79,57813	71,83856	51,1473	46,15807	73,85995	75,36696	74,59161	99,2619	66,10625	55,26949	69,1837	72,90659	52,29621	74,78	75,1	69,34727	72,78614	61,78	70,70887	82,99137	93,1974	73,3	72,2733	75,41	76,63625	60,57344	70,74387	37,37136	36,31746	32,50993	19,31106
May-2000	74,2	74,8	75	62	49,8	76,3	59	79	79,8	79,5	72	51,4	46,3	74,5	75,9	74,9	99,4	65,8	55,1	68,9	73	52,5	75	75,2	69,8	73,2	62	70,8	83,4	93,2	73,5	72,4	75,5	76,7	60,7	70,9	37,4	36,5	32,8	19,6
Jun-2000	74,75307	75,03283	75,45431	62,13148	49,7471	76,54752	59,21761	79,22369	80	79,85801	71,77039	51,66543	46,49165	74,95639	76,22098	75,05739	99,1601	66,10625	55,1951	69,4642	73,47027	52,80263	74,94	75,6	70,33191	73,56239	62,44	71,0408	83,37114	93,49832	73,6	72,7374	75,76	77,0224	60,9294	71,1497	37,46114	36,64912	32,94731	20,15006
Jul-2000	74,8	75,2	75,7	62,2	49,7	76,2	59,7	79	79,9	80,2	70,5	52,2	46,7	75,2	76,4	75,2	98,9	66,4	54,9	69,2	72,7	53	74,8	75,3	70,8	73,8	63	71,5	83	93,6	73,3	72,9	75,8	77,1	61,1	71,3	38,1	36,9	33,4	20,5
Aug-2000	74,81271	75,15176	75,61233	62,37478	49,88579	76,16631	59,83286	79,28699	80,02	80,04459	70,62862	52,47964	46,49165	75,55445	75,90072	75,25701	99,1601	66,70502	54,6	68,7618	73,64899	53,29988	75,08	75,3	70,61324	73,83308	63,13	71,77215	83,03286	93,32551	73,3	72,90617	75,9	77,13457	61,26291	71,42004	38,56297	36,73204	33,5409	20,71175
Sep-2000	75	75,7	75,9	62,8	50,1	76,7	60,1	80	80,4	80,2	72,1	53,1	46,6	75,9	75,5	75,4	99,1	67,6	54,6	68,8	74	53,7	76	76	71,3	73,8	64	72	83,6	93,8	73,8	73,3	76,2	77,4	61,6	71,8	38,7	36,8	33,5	21
Oct-2000	75,17058	75,48872	76,08639	63,1336	50,17132	76,85249	60,65319	80,0308	80,33	80,13789	72,922	53,36787	47,0754	76,35186	75,90072	75,65625	99,05828	67,50409	54,87896	68,901	74,26766	54,05894	76,12	76	71,87921	74,06695	64,38	72,14162	83,80198	93,69269	73,8	73,41245	76,27	77,52103	61,85034	71,96188	38,70566	37,22954	33,90955	21,42793
Nov-2000	75,4	75,7	76,3	63,3	50,3	76,9	61	80	80,5	80,2	73,3	53,7	47,2	76,7	75,9	75,9	98,8	67,1	55,1	69,2	74,5	54,5	76,1	76,4	72,2	74,7	65,1	72,3	83,8	94,1	74	73,5	76,4	77,6	62	72,1	38,8	37,3	34,4	21,8
Dec-2000	75,58808	75,53827	76,40242	63,41858	50,57106	76,85249	61,06335	79,88837	80,47	80,88422	73,48741	53,88601	47,20049	76,65089	75,90072	75,92242	98,85467	67,37021	55,30668	69,3108	74,63199	55,11141	75,66	76,3	72,30121	74,92978	65,14	72,5715	83,76687	94,06869	74	73,41245	76,71	77,62892	62,16388	72,24737	39,05855	36,98079	35,028	22,1104
Jan-2001	75,7	75,5	76,1	63,6	51,1	76,7	61,8	79,8	80,1	80,6	72,3	54,7	47,3	76,1	75,4	76,3	98,9	68,1	55,7	69,1	73,6	55,4	76,3	76,9	72,9	75,2	65,4	72,6	83,5	94	73,5	73,9	76,4	77,8	62,4	72,5	39,3	36,9	35,1	22,7
Feb-2001	75,96876	75,78603	76,48143	63,43645	52,07212	77,3	62,03749	80,32358	80,35	81,0708	72,24261	55,44041	47,36727	76,75056	75,36696	76,52128	98,54925	68,43598	55,54844	69,2547	74,522	55,38026	76,98	77,5	72,9342	75,298	66,13	72,83542	83,82112	93,87412	73,7	74,1719	76,63	78,05518	62,57796	72,74444	39,46202	36,73204	35,44038	23,23867
Mar-2001	76,1	76	76,7	63,7	52,8	77,7	62,3	80,8	80,7	81,1	73,7	56	47,6	77,3	75,5	76,6	98,4	69	55,8	69,6	74,7	55,7	77,7	77,7	73,3	75,6	66,8	73,1	84,4	94	73,9	74,3	77	78,2	62,9	73	39,6	36,9	35,8	23,7
Apr-2001	76,49114	76,6086	77,27153	64,02938	53,44265	78	62,70401	81,13069	81,1	81,44397	74,35207	56,40266	48,2012	78,04635	76,22098	76,92052	98,54925	69,30146	56,01336	69,768	74,96194	56,01226	78,13	78	73,84851	76,05534	67,28	73,52214	85,17426	94,28461	74,4	74,63599	77,51	78,50975	63,31479	73,52799	39,84159	37,14663	35,92775	24,09462
May-2001	76,6	77,1	77,9	64,3	53,7	78,4	63,1	81,7	81,6	81,7	74,7	56,9	48,9	78,5	76,5	77,1	98,7	69,2	56,6	70,2	75,4	56,1	78,4	78,4	74,7	76,7	68,1	73,8	85,8	94,8	74,9	75	77,9	78,8	63,7	73,9	40	37,4	36,3	24,5
Jun-2001	76,78964	77,23297	77,98262	64,34329	53,69555	78,3	63,26799	81,66085	81,65	81,81714	74,58658	57,06884	49,66058	78,94344	76,75474	77,31976	98,44744	69,43429	56,8781	70,5567	75,60811	56,27358	78,09	78,4	74,62216	76,8913	68,33	74,04888	85,62743	94,97597	75	75,1001	77,99	78,93069	63,84289	74,06195	40,21304	37,89288	36,93998	24,92079
Jul-2001	76,9	77,2	77,7	64,2	53,8	78,1	63,5	81,1	81,5	81,9	73,3	57,1	50	78,7	77,1	77,4	98,1	69,6	56,6	70	74,9	56,1	78	77,4	74,4	77	68,5	74,2	85,2	94,8	74,5	74,9	77,8	78,7	63,8	74	40,7	38,4	37,7	25
Aug-2001	76,71502	77,1636	77,74559	64,73461	53,89133	78,1	63,47308	81,30477	81,48	81,72385	73,30228	56,99482	50,2071	78,94344	77,2885	77,3863	98,44744	69,83382	56,26441	70,426	75,73184	56,45991	78,27	77,3	74,20016	76,82959	68,45	74,4102	85,40085	94,30616	74,8	74,88914	77,75	78,77345	63,96656	74,07819	41,03297	38,63912	37,64604	25,03543
Sep-2001	76,9	77,4	77,9	65,2	54,1	78,4	63,5	81,9	81,6	81,7	74,7	57,3	50,5	79,3	77,5	77,4	98,3	69,8	56,6	70,3	75,8	57	79,2	77,7	74,4	76,8	69,1	74,4	86,1	94,4	75	75,2	78	79	64,3	74,4	41,1	38,6	37,9	25,2
Oct-2001	77,01352	77,2627	77,50856	65,29778	54,19318	78,5	63,52435	81,70833	81,68	81,63055	74,93904	57,43893	50,86404	79,54149	77,502	77,51938	98,34563	69,7674	56,71073	70,5044	75,95181	57,24303	79,15	77,7	74,69249	77,10028	69,37	74,32259	85,88593	94,2832	74,9	74,97353	78,03	78,82264	64,41917	74,46783	41,48934	38,80495	38,13965	25,46017
Nov-2001	76,9	77,4	76,8	65,3	54,3	78,3	63,5	81,3	81,5	81,4	75	57,5	51	79,5	77,1	77,7	97,8	69,4	56,8	70,5	76,1	57,5	79,1	77,7	74,8	77,6	69,7	74,3	85,9	94,4	74,9	74,8	78	78,7	64,5	74,4	41,8	39,1	38,8	25,8
Dec-2001	77,08814	77,18342	76,95549	65,0902	54,43792	78,5	63,62688	81,31268	81,56	82,19031	75,72512	57,51295	51,27538	79,94019	76,96824	77,719	97,73479	69,50175	57,06407	70,7189	75,91744	57,53824	78,81	77,9	74,90349	77,76507	69,73	74,53645	85,99444	94,37463	75	74,55161	78,32	78,57201	64,61594	74,4966	42,05568	38,88787	39,42056	26,21933
Jan-2002	77,3	77,6	77,1	65	54,9	78,6	64,4	81,7	81,9	82,3	75,5	58,3	51,8	79,8	77,8	78,1	97,5	69,9	57,6	71,4	75,3	58,1	79,4	78	75,5	77,9	70,9	74,4	85,8	94,5	74,8	74,7	78,4	78,7	64,9	74,8	42,3	38,7	40,3	27
Feb-2002	77,38664	77,77805	77,58757	65,04341	55,56371	79,2	64,80611	81,77954	82,04	82,56348	74,7225	58,8453	51,62032	80,3389	78,56952	78,31786	97,02214	70,23335	57,38021	71,2302	76,21303	58,03206	79,81	78,1	75,6068	77,75512	71,5	74,49825	85,99125	94,48849	75	75,01572	78,55	78,88905	65,07262	74,95013	42,42667	38,63912	40,71395	27,34305
Mar-2002	77,5	78	78,1	65,4	56	79,7	65	82,2	82,4	82,8	76,6	59,3	51,8	81	78,8	78,5	97,2	70,6	57,6	70,8	76,3	58,3	80,5	78,4	75,7	78,1	72	75,1	86,7	94,5	75,2	75,4	79	79,2	65,3	75,3	42,7	38,8	40,8	27,6
Apr-2002	77,8344	78,006	78,61469	65,63039	56,46925	80	65,57517	82,55501	82,71	82,65677	77,20279	59,80755	51,8288	81,73436	80,06405	78,7171	97,53118	71,03242	57,64987	70,7315	76,57048	58,64753	80,9	78,5	76,09913	78,72443	72,96	76,13403	87,10503	95,31909	75,6	75,85954	79,35	79,57646	65,6542	75,70249	43,02271	38,88787	40,75769	27,95896
May-2002	78,1	78,1	78,8	65,7	56,8	80	65,7	82,7	82,8	82,8	77,2	60,1	51,8	82,2	80,8	78,9	97,8	71,3	57,8	70,5	76,8	58,8	80,9	78,7	76	79,2	73,2	76,4	87,3	95,4	75,8	75,9	79,5	79,7	65,8	75,8	43,1	39,1	41,1	28,4
Jun-2002	78,1329	77,90689	78,93073	65,60658	57,04846	80	65,67771	82,56292	82,8	82,75006	77,05561	59,80755	52,04976	82,33242	81,87884	78,98327	97,73479	71,23165	57,436	70,242	76,91418	59,05293	80,65	78,7	75,67714	79,49969	73,01	76,41129	87,20078	95,28551	75,8	75,90173	79,46	79,68102	65,82131	75,8414	43,29393	39,46829	41,21382	28,58215
Jul-2002	78,1	78,2	79,4	65,9	57,1	79,8	65,5	82,4	82,8	82,8	75,7	59,7	52,1	81,9	82,4	79,1	97,3	71	57,2	70	76,4	59,2	80,5	78,6	75,3	79,6	73,4	75,9	86,9	94,8	75,6	76	79,4	79,7	65,9	75,9	43,8	39,9	41,5	28,8
Aug-2002	78,20753	78,13483	79,72083	66,14592	57,11372	79,9	65,16501	82,41257	82,99	82,75006	75,90038	59,58549	51,8288	82,4321	82,19909	79,24943	97,63299	71,49836	56,76652	69,6518	77,12728	59,44762	80,81	78,3	75,04415	79,69474	73,46	76,0987	86,94228	94,75183	75,8	76,23926	79,43	79,91905	66,11765	76,08327	44,09391	40,13162	41,62621	28,81385
Sep-2002	78,2	78,4	79,7	66,7	57,3	80,3	65,2	82,7	83,1	82,8	77,3	60	52,1	82,8	82,4	79,4	97,6	71,9	57,2	69,3	77,4	59,8	81,7	78,8	75,3	79,6	74	76,4	87,6	94,9	76	76,4	79,6	80	66,3	76,3	44,4	40,2	41,9	28,9
Oct-2002	78,35677	78,26367	79,95786	67,285	57,64399	80,5	65,57517	82,92691	83,27	82,65677	77,73438	60,25167	52,37086	83,22951	82,94636	79,58213	97,42937	71,6976	57,64057	69,7004	77,63596	60,06879	81,49	79,1	75,46614	80,16148	74,36	77,14033	87,88692	95,44971	76,1	76,4924	79,82	80,1041	66,56685	76,47851	44,99319	40,38037	42,08233	29,23865
Nov-2002	78,3	78,2	80,2	67,2	58,1	80,5	65,5	82,7	83,3	82,4	77,8	60,3	52,2	83,3	82,2	79,8	97,4	71,8	57,7	69,8	77,7	60,6	81,3	79,4	75,4	80,7	74,4	77,3	87,7	95,3	76,1	76,5	79,8	80,1	66,8	76,6	46,4	40,5	42,8	29,7
Dec-2002	78,50603	78,24385	79,87885	66,92856	58,24768	80,5	65,37009	82,65788	83,41	83,12323	78,29032	60,32568	52,29653	83,92724	82,09234	79,91483	97,42937	72,09608	57,85443	70,028	77,61534	60,8182	80,97	80	75,46614	80,85414	74,79	77,51608	87,7848	95,21535	76,3	76,32364	80,14	80,09832	66,9038	76,62745	47,32537	40,13162	43,33199	30,16692
Jan-2003	78,7	78,6	80,6	67	58,9	80,6	66,1	82,8	83,6	83,1	77,9	61,1	52,5	83,6	82,2	80,2	97,1	72,6	58,4	70	77	61,1	81,3	81,9	75,7	81	75,5	77,2	88,1	95,3	75,9	76,7	80,1	80,3	67,2	76,9	48,4	40	43,7	30,9
Feb-2003	78,7299	79,1358	81,22202	67,53426	59,58558	81,4	66,34423	83,30673	84,15	83,58969	77,96507	61,50999	52,41255	84,42561	82,51935	80,38061	96,81853	72,96261	58,5704	69,82	78,08278	61,23368	81,75	82	75,8178	80,96062	75,9	77,36086	88,84752	95,38525	76,1	77,25185	80,43	80,70825	67,57468	77,26692	49,15015	40,13162	43,82561	31,39445
Mar-2003	79	79,4	81,5	68,3	60,2	82	66,5	83,5	84,5	83,7	79,7	62	53	85	82,7	80,6	97,1	73,8	58,9	70	78,3	61,6	82,5	81,4	76	81	76,4	77,9	89,3	95,8	76,4	77,7	80,9	81,1	67,9	77,7	49,8	40,4	43,7	31,7
Apr-2003	78,87916	79,15562	80,90598	68,25735	60,89901	81,9	66,3955	83,43333	84,37	83,40311	79,80904	62,10215	53,038	85,22302	82,51935	80,84639	97,42937	73,69526	59,07252	70,0268	78,25463	61,72541	82,61	80,8	76,16946	81,64034	76,82	78,53094	88,98794	95,95953	76,8	77,54718	81,02	81,00786	68,04556	77,67599	50,23736	40,87787	43,86935	32,04767
May-2003	78,9	78,9	81	68	61,2	81,8	66,2	83,3	84,3	83,2	80,1	62,3	53	85,1	82,2	81	97,6	73,6	59,2	69,9	78,3	61,5	82,6	80,3	76,2	82,1	77,2	78,5	88,9	95,8	76,8	77,4	81	81	68	77,6	50,5	41	44	32,3
Jun-2003	79,0284	79,16553	80,98499	67,99619	61,16006	81,8	65,8828	83,23551	84,43	83,4964	79,99426	62,39822	52,95461	85,22302	81,66533	81,11256	97,32757	73,36214	59,58393	69,9831	78,28213	61,57707	82,17	80,1	76,09913	82,09613	77,39	78,5106	88,63689	95,80766	76,7	77,50499	81,07	80,99883	68,03575	77,66302	50,46798	41,20954	44,07554	32,56248
Jul-2003	79	79,3	81,1	67,9	61,1	81,3	66	82,8	84,3	83,7	78,5	62,5	52,9	84,6	81,1	81,2	97,1	73,3	59,4	69,4	77,6	61,7	82,2	79,8	75,8	81,9	77,8	78	88,3	95	76,6	77,6	81	81	68,1	77,7	50,6	41,5	44,1	32,8
Aug-2003	79,17766	79,53222	81,30103	68,04977	61,26611	81,3	65,98534	82,91109	84,54	83,68298	78,41907	62,39822	52,87122	85,12335	81,23833	81,44525	97,32757	73,62885	58,73778	68,9245	78,63958	61,8513	82,5	80	75,53648	81,8951	77,48	78,37679	88,30499	95,26086	76,8	77,88471	81,07	81,27636	68,21591	77,86391	50,74083	41,37537	44,36921	32,65923
Sep-2003	79,3	79,8	81,5	68,2	61,4	81,8	66,1	83,3	84,9	83,6	79,9	62,8	53,2	85,2	80,8	81,6	97,4	74,3	59	68,7	79	62,2	83,3	80,4	75,9	82,1	77,7	78,6	88,9	95,4	77	78,1	81,4	81,5	68,5	78,1	51,1	41,4	44,5	32,8
Oct-2003	79,17766	79,50249	81,22202	68,07359	61,43743	81,6	66,24169	83,1643	85,04	83,58969	80,20021	63,21244	53,49666	85,22302	80,81132	81,64487	97,42937	74,36044	59,51884	68,7738	78,94204	62,44764	83,08	80,4	76,31013	82,4962	77,95	79,14008	89,00709	95,88274	77,1	78,05347	81,48	81,43899	68,63158	78,15345	51,28489	41,70704	44,7816	33,09797
Nov-2003	79,3	79,7	81,5	67,9	61,6	81,8	66,1	83,1	85,1	83,4	80,4	63,6	53,6	85,2	80,7	81,8	96,9	74,2	59,8	69,1	79,1	63	82,9	80,5	76,5	82,7	78,1	79,4	88,8	95,8	77,1	77,8	81,5	81,3	68,7	78,1	51,5	41,8	45,2	33,4
Dec-2003	79,47616	79,60159	81,53806	67,64655	62,0248	81,6	66,03661	83,15639	85,23	84,05615	80,69813	63,73057	53,74684	85,52206	80,49106	81,91103	97,02214	74,56179	59,94656	69,0985	79,217	63,23665	82,34	80,5	76,66178	82,77287	78,24	79,53403	88,90177	95,7807	77,3	77,75813	81,76	81,33182	68,811	78,17773	51,72688	41,62412	45,56889	33,78328
Jan-2004	79,6	79,8	81,6	67,5	62,6	81,6	66,4	82,9	85,2	84,1	80,2	65,1	53,7	85,1	80,4	82	96,8	75	60,7	69,1	78,7	63,6	82,4	80,4	76,9	82,8	78,5	79	88,7	95,5	77	78,1	81,6	81,5	69,1	78,4	52,1	41,8	45,9	34,4
Feb-2004	79,84929	80,13676	81,77509	67,5283	63,32191	82,2	66,65186	83,39377	85,59	84,24274	79,92191	65,87713	53,58006	85,82108	80,49106	82,24374	96,81853	75,3598	61,09026	68,9236	79,67069	64,01029	82,72	80,5	77,01344	82,65244	78,63	79,01269	88,49328	95,47176	77,2	78,55977	81,77	81,82092	69,26701	78,65762	52,43776	41,78995	45,81882	34,7148
Mar-2004	80,1	80,2	82,1	67,8	64	82,5	66,8	83,1	85,9	84,5	81,9	66,2	53,9	86,2	80,4	82,5	97	76,1	61,7	69,3	79,7	64,2	83,4	80,9	77,2	82,8	79,1	79,6	89,2	95,7	77,3	79,1	82,3	82,2	69,6	79,1	52,7	41,8	46	35
Apr-2004	80,14779	80,68185	82,24915	68,06168	64,2356	82,6	67,26711	83,12473	86,15	84,80248	82,13366	66,39526	54,20551	86,41914	81,34508	82,70952	97,02214	76,0914	62,05729	69,5732	79,92503	64,32412	83,71	81	77,85743	83,54811	79,48	80,65381	89,17942	96,48329	77,6	79,31921	82,71	82,43315	69,84682	79,30539	52,87905	41,78995	46,44365	35,32141
May-2004	80,5	81	83	68,4	64,5	82,9	68,7	83,2	86,5	85	82,5	67	54,7	86,6	81,7	82,9	97,1	76	62,8	70,6	80,1	64,2	83,9	81,1	78,6	84,1	80,2	81,1	89,4	96,7	77,9	79,8	83	82,8	70,1	79,6	53,1	42,1	46,9	35,6
Jun-2004	80,81942	80,94943	83,03924	68,71417	64,87192	82,7	68,85649	83,18803	86,5	84,98907	82,24976	67,06144	55,08113	87,11687	81,66533	83,04222	97,32757	76,02604	63,22889	70,7213	80,30311	64,26561	83,31	81,1	79,3344	84,28356	80,42	81,25759	89,01028	96,87312	77,9	80,03645	83,02	82,98135	70,26798	79,77406	53,5259	42,45329	47,06223	35,86034
Jul-2004	80,7	81,2	83	68,9	64,9	82,4	68,7	83,1	86,4	85,2	80,8	67,1	54,8	86,8	81,6	83,1	97	76,5	63,3	70,7	79,5	64,4	83,2	81	79,3	84,1	80,7	80,6	88,9	95,9	77,7	79,9	82,9	82,9	70,3	79,7	54	42,9	47,3	36,2
Aug-2004	80,96867	81,32603	82,80222	69,13527	64,87192	82,2	68,60014	83,28299	86,55	85,26894	80,55514	66,83938	54,83095	87,4159	81,66533	83,30838	97,12395	77,15612	63,28468	70,4392	80,42684	64,83181	83,47	80,8	78,91241	83,83174	80,34	80,99745	88,77093	96,21455	77,9	79,95207	83,01	82,94884	70,47327	79,80746	54,3855	43,28245	47,31216	36,34225
Sep-2004	81	81,4	83	69,2	65,1	82,7	68,7	83,6	86,6	85,1	82,2	66,9	55	87,4	81,6	83,3	97,4	77,2	63,6	70,9	80,6	65,4	84,2	81,3	79,1	83,8	80,3	81,1	89,4	96,2	77,9	80,1	83,1	83,1	70,7	80	54,6	43,4	47,3	36,5
Oct-2004	81,26717	81,78192	83,11825	69,37261	65,05956	83	68,95904	83,87646	86,85	85,17565	82,7954	67,20947	55,4564	87,51557	81,55858	83,30838	97,93841	77,15612	63,83328	70,9616	80,88053	65,82058	84,23	81,5	79,61572	84,30545	80,49	81,97591	89,68365	97,12212	78,1	80,54275	83,43	83,40523	71,01244	80,34513	54,80521	43,61412	47,5621	36,91461
Nov-2004	81,4	81,7	83,4	69,6	65,2	82,8	69,2	83,5	86,9	85	82,9	67,3	55,6	87,7	81,5	83,4	97,7	76,7	64,1	71,1	81,1	66,4	84	81,5	79,8	84,8	81	82,2	89,2	97,2	78,3	80,6	83,4	83,4	71,1	80,4	55,2	43,5	48	37,3
Dec-2004	81,78955	81,41523	83,27627	69,28924	65,43481	82,6	69,3692	83,51247	87	85,92199	83,19361	67,20947	55,83167	87,81461	81,55858	83,57454	97,22575	76,8251	64,3354	71,101	80,92178	66,51917	83,25	81,4	79,89705	84,83191	80,74	82,10117	89,1507	97,05637	78,6	80,2896	83,68	83,32603	71,07484	80,34294	55,65786	43,19954	48,51809	37,74986
Jan-2005	81,9	81,6	83,2	69,1	66	82,4	69,2	83,1	86,5	85,3	83,4	67,7	55,9	87	81	83,6	97	77,6	64,7	71,1	80,2	66,5	83,6	81,2	80	84,4	80,2	81,4	88,7	96,6	78,3	80,5	83,2	83,3	71,2	80,3	56	43,6	49,2	38,7
Feb-2005	82,11175	82,18825	83,5133	69,00426	66,65035	83,2	69,62556	83,67204	87,05	85,64211	82,39728	68,02369	55,99846	87,81461	81,13157	83,84071	96,71672	77,8951	65,3015	71,2059	81,46	66,74316	84,1	81,3	79,89705	84,41094	80,68	81,6205	89,10283	96,81819	78,5	80,92246	83,47	83,62183	71,52147	80,63905	56,31097	43,5312	49,09918	39,21539
Mar-2005	82,5	82,7	84	69,4	67,2	83,7	70,1	83,9	87,6	86	84,3	68,5	56,4	88	81	84,1	97	78,4	65,7	71,5	81,6	67	84,9	81,7	80	84,7	81,6	82,3	89,3	97,1	78,8	81,6	84,1	84,1	71,9	81,1	56,7	43,5	50,1	39,7
Apr-2005	82,35932	82,90181	84,22439	70,06593	67,45798	84,1	70,39462	84,00741	87,77	85,8287	84,9129	68,98594	56,54051	88,41266	81,55858	84,23994	97,12395	78,44432	66,36257	71,7803	81,9	67,28276	85,03	82,1	80,31905	85,27576	81,61	83,4511	89,4092	97,84957	79,1	82,10381	84,45	84,49008	72,23853	81,47863	57,14714	43,86287	50,21763	40,18597
May-2005	82,4	83	84,3	70,3	67,7	84,1	70,5	83,8	87,8	86	85,2	69,4	56,2	88,7	81,9	84,5	97,2	78,4	66,8	72	82	67,1	85	82,4	80,5	85,6	81,9	83,6	89,5	97,8	79,4	82	84,6	84,5	72,3	81,5	57,4	43,7	50,3	40,5
Jun-2005	82,68942	83,27841	84,46142	70,54657	68,00457	84,2	71,00986	83,83973	87,93	86,10857	84,98013	69,57809	56,62391	89,01071	81,98559	84,5061	96,81853	78,12912	67,22153	72,1132	82,05	67,04931	84,7	82,4	80,38937	85,65195	81,93	83,80545	89,50175	97,53271	79,4	82,06162	84,72	84,51811	72,28145	81,53388	57,41558	43,86287	50,57378	40,76671
Jul-2005	82,6	83,8	84,6	71	68	84,1	71,3	83,5	87,8	86,5	83,9	69,6	56,7	88,9	82,7	84,8	96,7	78,4	67,2	72	81,5	67,3	84,6	82,2	80,2	85,9	82,5	83,3	89,2	97	79,5	82,4	84,6	84,8	72,5	81,7	57,6	44,6	51	41
Aug-2005	82,6069	83,86314	84,93548	71,18715	68,0372	84,1	71,4713	83,83973	88,14	86,57504	83,56197	69,20799	56,79069	89,30975	82,94636	84,97189	96,81853	78,6794	67,12721	72,0403	82,62	67,3921	84,96	82,3	80,17838	86,00424	81,97	83,65879	89,34218	97,13886	79,7	82,86325	84,83	85,09381	72,73444	81,99459	57,65711	44,77495	51,2486	40,8969
Sep-2005	82,8	84	85,6	71,9	68,3	84,7	72,1	84,3	88,5	86,7	85,4	69,4	57,7	90,1	83,1	85	97,1	79,1	68,1	72,7	82,9	67,7	85,7	82,9	80,5	86,2	82,8	84,2	90	97,6	79,9	83,9	85,3	85,8	73,2	82,6	57,9	44,9	51,6	41
Oct-2005	82,85447	83,80367	85,25151	72,24286	68,48589	84,7	72,03527	84,17509	88,46	86,76162	85,97086	69,35603	58,04159	90,10715	83,69362	85,17151	97,12395	78,91448	68,69768	73,1295	83,35	67,82827	85,66	83	80,8817	86,57249	82,98	84,85671	90,11449	98,41703	80	84,0446	85,49	85,87471	73,61906	82,76235	58,29282	45,43828	56,09103	41,22464
Nov-2005	82,6	83,8	85,1	72,1	68,6	84,4	71,9	84	88,3	86,5	85,8	69,5	57,9	90	83,6	85,2	96,7	78,6	68,9	73,1	83,1	68,3	85,4	83	80,7	86,9	82,6	85	89,9	98,1	80	83,4	85,3	85,4	73,5	82,5	58,6	45,9	56,8	41,5
Dec-2005	82,93699	83,76403	85,01449	71,82772	68,60825	84,5	71,83019	84,00741	88,39	87,13479	86,20647	69,50407	58,12498	89,9078	83,48012	85,23804	96,81853	78,83647	68,81518	73,2003	82,93	68,73608	84,98	82,9	80,60037	87,02132	82,57	85,16824	89,93896	98,03311	80,3	83,03202	85,59	85,32199	73,49675	82,4354	58,82436	45,60411	56,80334	41,87024
Jan-2006	82,9	83,8	85,5	71,9	69	84,2	72,4	83,8	88,3	86,9	86,1	69,6	58,3	89,6	83,2	85,4	96,9	79,3	69,5	73,5	82,5	69,1	84,7	82,7	80,7	86,7	82,1	84,8	89,2	97,9	80	83,7	85,2	85,7	73,8	82,7	59,2	45,5	57,6	42,9
Feb-2006	83,10204	84,15054	85,33052	71,82176	69,43221	85	72,80434	84,42661	88,64	87,22808	85,0622	69,72613	58,29177	90,60553	83,69362	85,63729	96,61491	79,46476	69,80312	73,5772	83,88	69,24494	85,01	83,4	80,74888	86,90688	82,43	84,86314	89,64536	98,15781	80,2	83,83365	85,46	85,80153	73,99706	82,87126	59,41413	45,5212	57,90929	43,59963
Mar-2006	83,3	84,1	85,8	72,2	69,9	85,3	72,9	84,7	88,9	87,2	87,1	70,1	58,9	91	84	85,8	96,8	79,9	70	73,8	84	69,3	85,7	83,6	80,7	88	83,1	85,5	90,3	98,1	80,4	84,3	86	86,1	74,2	83,2	59,7	45,5	57,9	44
Apr-2006	83,76224	84,52715	86,27864	72,70479	70,23985	85,7	73,41958	85,09732	89,27	87,50796	87,69267	70,61436	59,62606	91,80164	84,54764	86,10307	97,02214	80,01398	70,39497	74,2703	84,3	69,43348	86,07	84,3	81,15588	88,45837	83,79	86,66912	90,73681	98,88596	80,9	85,015	86,52	86,69341	74,68837	83,75179	59,79486	45,90373	57,95303	44,111
May-2006	83,8	84,8	86,7	72,9	70,5	85,8	73,8	85,2	89,7	87,5	87,8	71,3	60,5	92,2	84,5	86,4	97,3	80,2	71,3	74,6	84,6	69,1	86,2	84,3	81,6	88,8	84,5	87	90,9	99,1	81,3	85,4	86,8	87,1	75	84,1	59,9	46,3	58,2	44,3
Jun-2006	83,92728	84,83437	86,51567	73,30963	70,68037	86	74,0861	85,265	89,65	87,69454	87,72897	71,50259	61,21053	92,3997	84,65439	86,43578	97,32757	80,01398	71,45174	74,7694	84,65	69,18407	85,84	84,2	81,40008	88,79675	84,28	87,1134	90,85169	99,05627	81,5	85,60567	86,83	87,17557	75,10925	84,17174	59,72897	47,05132	58,43415	44,44683
Jul-2006	83,8	85,1	86,6	73,7	71	85,8	74,5	85,1	89,5	88,1	87,2	71,7	61,5	92,7	84,8	86,7	97	80,3	71,9	75,1	83,9	69,4	85,7	83,9	81,5	88,6	84,1	86,6	90,7	98,4	81,5	85,9	86,7	87,3	75,2	84,3	59,8	47,4	58,7	44,7
Aug-2006	84,09233	85,23079	86,7527	73,90257	71,25143	85,8	75,06024	85,43268	89,8	87,88113	86,51667	71,65063	61,66919	93,29678	84,76114	86,83501	97,73479	80,79723	71,70176	75,0622	84,94	69,72781	86,13	83,9	81,72569	88,4544	84,62	86,7719	90,75595	98,54945	81,8	86,02759	86,8	87,54075	75,40266	84,51006	59,87236	47,43385	58,88403	44,82964
Sep-2006	83,9	85	86,3	73,9	71,5	86,1	74,8	85,5	89,6	87,6	87,9	73,4	62	93,7	84	86,8	97,7	81	72,2	75	84,9	70,4	86,5	85,1	81,8	88,8	84,9	86,6	91,3	98,3	81,9	85,6	86,8	87,3	75,4	84,4	60	47,8	59,1	44,9
Oct-2006	83,84476	84,81455	86,12062	73,72478	71,34932	86	74,70135	85,76804	89,4	87,69454	88,38887	73,72317	62,16954	93,59581	83,58687	86,70193	97,53118	80,64017	72,57798	75,743	84,64	70,73963	86,24	85,2	81,72569	88,88631	84,23	86,98493	91,2953	98,67155	82	85,14157	86,87	86,96306	75,43964	84,21776	60,19601	48,58145	59,62133	44,99562
Nov-2006	83,9	85	86,3	73,6	71,5	85,9	75,3	85,8	89,5	87,7	88,3	73,9	62,2	94	83,4	86,8	97	80,2	73,3	76,4	84,7	71,1	86,1	85,1	81,8	89	84,5	87,2	91,4	98,6	82,2	85	86,9	86,9	75,5	84,2	60,4	48,6	59,8	45,3
Dec-2006	84,17486	85,14159	86,43666	73,67203	71,6838	86	75,52168	85,85188	89,71	88,34759	88,7141	74,01924	62,21124	94,39322	83,37337	86,83501	97,12395	80,48415	73,51922	76,4934	84,86	71,52214	85,79	84,7	81,72569	89,20377	84,87	87,43884	91,41019	98,64187	82,6	85,14157	87,24	87,06084	75,74773	84,37852	60,67234	48,58145	60,55232	45,6368
Jan-2007	84,2	85,2	86,4	73,9	72,2	85,7	76,1	85,7	89,4	88,3	88,5	74,9	62,3	94,2	83,3	86,9	96,9	80,6	74,5	76,5	84,4	71,9	85,9	83,7	82,1	89	84,4	86,9	91	98	82,1	85,4	86,8	87,1	75,9	84,5	60,9	48,6	61,2	46,4
Feb-2007	84,42243	85,63712	87,06874	73,77242	73,0788	86,6	76,23947	86,27108	89,57	88,72075	87,33533	75,86973	62,58651	94,99128	82,94636	87,16772	96,4113	81,18939	74,89067	76,7463	85,56	72,09248	86,28	84	82,29548	88,94502	84,21	86,91	91,41656	98,14658	82,4	85,8584	87,06	87,43426	76,22021	84,74532	61,20759	48,96398	61,5583	46,91858
Mar-2007	84,8	85,6	87,8	74,1	74	87	77,1	86,9	90	88,9	89,3	76,5	62,4	95,7	83,2	87,3	96,7	81,7	75,9	77,2	85,8	72,2	87,2	84,5	82,7	90,1	85,1	87,6	92	98,2	82,8	86,6	87,6	88	76,6	85,3	61,4	48,6	61,7	47,2
Apr-2007	85,24767	86,03355	88,17487	74,51337	74,62881	87,1	77,46996	87,27715	90,39	89,37379	89,90961	76,75796	62,79499	96,38674	83,58687	87,43388	97,02214	81,97369	76,62525	77,8394	86,06	72,20536	87,64	84,5	83,10948	90,87868	85,99	88,77914	92,48248	99,33484	83,1	87,20303	88,2	88,4778	76,97066	85,77538	61,58762	48,96398	61,60204	47,46441
May-2007	85,5	85,9	88,6	75	74,9	87,3	78	87,2	90,6	89,4	90,1	77,4	63,3	96,8	83,6	87,7	97,3	82,1	77,1	78,2	86,2	71,9	87,7	84,6	83,5	91	87	89	92,4	99,6	83,3	87,7	88,4	88,9	77,3	86,1	61,8	49,3	61,7	47,8
Jun-2007	85,57777	85,92453	88,4119	75,67627	74,94698	87,2	78,39284	87,36099	90,72	89,37379	90,04034	77,64619	63,62892	96,9848	84,01388	87,89966	97,12395	82,05276	77,73762	78,3954	86,37	71,9394	87,34	84,5	83,51649	90,96426	87,34	89,18701	92,53354	99,68117	83,5	87,90593	88,49	88,97314	77,44849	86,17232	61,93286	49,72904	61,80823	48,21719
Jul-2007	85,6	86,3	88,5	76,5	75,1	86,8	79,3	87,3	90,5	89,8	89,4	77,6	63,8	97,3	85	88,1	97	82,4	78,7	78,9	85,5	72,2	86,9	84,3	83,3	90,7	87,4	88,5	92,4	99,1	83,1	87,9	88,3	89	77,6	86,2	62,1	50,5	62,3	48,6
Aug-2007	85,49525	86,18221	88,25388	77,36065	74,97145	86,6	79,3157	87,36099	90,86	89,74696	88,70371	77,57217	63,79571	97,68253	85,50841	88,23236	97,53118	82,44492	78,94877	79,195	86,53	72,53928	87,08	84,2	82,94669	90,27261	87,62	88,65924	92,36121	98,97898	83,4	87,7224	88,35	88,96419	77,76771	86,18111	62,37345	50,87663	62,71424	48,68045
Sep-2007	85,7	86,3	88,4	78,2	75	87,2	80,2	87,8	91	89,9	90,5	78,1	64,6	98	85,2	88,2	97,5	82,9	80,4	80,3	86,6	73,1	87,6	84,8	83,6	90,7	87,9	89	93,3	99,1	83,5	88	88,7	89,1	78	86,4	62,5	50,9	63,2	49,1
Oct-2007	86,15544	86,71738	88,17487	78,48102	75,03671	87,5	81,00764	88,03172	91,19	90,12013	91,12526	78,75648	64,96321	98,18092	85,2949	88,49852	97,73479	83,07214	82,15138	81,4711	87,11	73,3874	87,63	85	84,08628	91,17525	88,5	90,10339	93,77818	99,91914	83,8	88,15233	89,13	89,32585	78,37473	86,71837	62,67321	51,25916	63,72021	49,86969
Nov-2007	86,6	87,5	88,4	79,1	75,4	88	82,1	88,3	91,7	90,6	91,8	79,2	65,4	98,7	85,5	88,8	97,6	83,1	83,3	82,3	87,4	73,9	87,8	86,4	84,7	91,5	89,3	90,7	94,4	100,4	84,1	88,7	89,6	89,7	78,8	87,2	62,9	51,3	63,8	50,5
Dec-2007	87,22826	87,7679	88,49091	79,4355	75,76276	88	82,75084	88,11555	92,03	91,14635	92,15891	79,49667	65,83884	98,77897	86,04217	89,09738	97,73479	83,38629	83,85817	82,7242	87,71	74,21069	87,39	87,1	84,90028	91,59521	89,69	91,12895	94,56644	100,6187	84,5	88,61642	89,97	89,83044	79,00999	87,2943	63,3769	51,25916	64,53874	51,05355
Jan-2008	86,9	88,1	88,3	79,4	76,6	88,2	84,5	89	91,9	90,9	91,9	80,2	66	98,3	86	89,5	97,6	83,8	86,2	84,1	87,2	74,6	87,6	86,7	85,5	91,5	89,7	90,6	93,9	100,3	84,1	89,1	89,7	90	79,3	87,5	63,7	51,3	65,7	52,2
Feb-2008	87,14574	88,75895	88,64893	79,72644	77,72067	89,3	84,85294	89,45699	92,12	91,23964	91,20977	81,12509	66,86963	99,57638	85,82867	89,69624	97,42937	84,09259	87,38046	85,0022	88,18	74,77629	88,22	87,2	85,79568	91,48873	89,71	90,70609	94,25368	100,4674	84,6	89,31554	89,97	90,2507	79,81612	87,78587	64,03141	51,6417	66,11331	52,85968
Mar-2008	87,8	89,4	89	80,4	78,3	89,7	85,5	90,2	92,8	91,7	93,3	81,6	67,9	100,5	86,1	90,2	97,8	84,9	88,7	85,9	88,8	75,3	89,1	87,2	86,1	92,8	90,9	91,5	95,2	100,8	84,9	90,1	90,9	90,9	80,4	88,4	64,3	52,4	66,7	53,5
Apr-2008	88,0535	89,61126	89,67606	80,69878	78,90357	90	86,33979	90,37923	93,12	91,51952	93,89681	81,86529	70,15115	100,5731	87,42995	90,36165	97,73479	85,34811	90,03419	86,9284	89,06	75,48965	89,42	87,2	86,44688	93,13377	91,58	92,49603	95,57172	101,6036	85,6	90,63612	91,15	91,26969	80,81753	88,85333	64,69264	52,78929	67,12554	54,25361
May-2008	88,6	90,4	90,5	81,6	79,6	90,3	86,9	90,9	93,6	92,1	94,6	82,8	71,1	101,3	88	90,8	98,5	86,1	90,9	87,6	89,6	75,4	89,7	87,2	87,1	93,5	92,6	93,1	95,9	102,4	86,1	91,4	91,7	92	81,4	89,5	65,2	53,2	68,1	55
Jun-2008	88,87875	90,90954	91,17725	82,84594	80,33121	90,5	87,3652	91,21762	93,96	92,26585	94,46169	82,82754	71,74798	101,7692	88,07046	91,22667	99,05828	86,60152	91,49941	88,1725	90,08	75,72015	89,58	87,4	87,26089	94,01054	93,41	93,65648	96,40466	102,5836	86,6	92,32038	92,08	92,66944	81,86391	90,0697	65,68635	53,55435	68,78134	55,5194
Jul-2008	88,8	91,4	91,5	83,8	80,7	90,3	88	91	93,8	92,8	93,7	82,8	72,4	101,6	89,1	91,7	99,3	87,2	91,8	88,5	89,6	76,1	89,7	87,9	87,3	93,5	93,4	93,2	96,2	102,1	86,6	92,8	92	93	82,3	90,4	66	54,7	69,7	55,8
Aug-2008	88,63117	90,83025	91,33527	84,55925	80,86964	90,4	88,08299	91,46914	93,73	92,54573	92,84766	82,60548	73,06986	101,9686	89,88524	91,82553	99,56732	87,07274	91,37613	88,6807	89,99	76,58185	89,89	88	86,93529	92,99445	92,84	93,00667	96,37275	101,8705	87,1	92,43472	91,82	92,88361	82,29746	90,29704	66,21928	55,46701	70,08099	56,00344
Sep-2008	88,9	91	91,4	85,5	80,7	90,8	88,6	91,9	93,7	92,5	94,7	82,6	73,7	102,3	89,9	91,6	99,6	87,2	92,4	89,1	90,1	77,1	90,3	89,3	87,2	93,5	92,8	93	97,4	102	87,5	92,3	92	92,8	82,4	90,3	66,4	55,8	70,8	56,5
Oct-2008	88,79623	90,81043	90,46616	86,21385	80,992	90,7	88,95459	91,88834	93,62	92,26585	94,6645	82,75352	75,29334	102,0683	89,88524	91,55937	99,46552	87,07274	93,47868	90,0193	89,95	77,62914	90,07	89,6	87,50509	93,34675	92,79	93,30749	97,51526	102,5151	87,3	91,37446	92,02	92,21398	82,36163	90,00576	66,69027	56,6146	71,08072	56,96517
Nov-2008	88,5	90,3	90,2	86,1	81,2	90,4	88,7	91,5	93,2	91,8	94,4	82,5	76,6	101,2	89,5	91,2	98,5	86,8	93,1	89,8	89,2	78,5	89,7	89,1	87,7	92,8	92,1	92,9	96,7	101,8	87,3	89,6	91,6	91	81,8	89,2	66,9	56,6	71,2	57,4
Dec-2008	88,3836	90,07706	89,51804	85,06966	81,57938	90,1	88,49316	91,13378	92,95	92,17256	93,97079	82,23538	77,78393	99,8754	89,45824	91,09359	98,14202	86,83766	92,69434	89,7322	88,67	79,05527	89,09	89	87,58649	92,30976	91,55	92,43501	95,41853	101,324	87,1	88,69743	91,46	90,43399	81,44974	88,7058	67,11787	56,23207	71,1432	57,8343
Jan-2009	88	90,2	89,3	84,4	82,1	89,8	88	91	92,6	91,7	93,5	82,8	78,2	98,3	88,9	91	97,6	86,9	94,7	92,2	87,7	79,2	89,3	88,7	88	91,7	91,1	91,3	95,1	100,5	86,6	89,1	90,7	90,5	81,6	88,7	67,4	56,6	71,1	59,2
Feb-2009	88,30108	90,47348	89,91309	83,32381	82,74596	90,9	87,67282	91,04994	92,92	92,26585	92,66602	83,56773	78,61176	97,88188	88,81772	91,16013	97,32757	87,54396	95,74971	92,416	89,23	79,41342	89,95	89,4	88,80749	91,66786	91,61	91,3056	95,08663	100,7059	87,2	89,52649	91,1	90,8385	81,93964	89,03116	67,81088	56,6146	71,24317	60,18186
Mar-2009	88,5	90	90,1	83,4	83,2	91,2	87,2	91	93,1	92,1	94,5	83,9	78,1	97,8	89,2	91,2	97,6	88,2	96	92,4	89,1	79,9	90,9	89,4	89,5	92,4	92,5	91,5	95,4	100,4	87,3	89,7	91,4	91	82,2	89,3	67,9	56,6	71,4	61
Apr-2009	88,63117	90,14643	89,9921	83,2322	83,42307	91,1	86,59614	91,04994	93,24	92,17256	94,79906	84,604	78,48903	97,08447	90,09875	91,42629	97,73479	88,40522	95,60559	92,3634	89,3	80,14983	91,05	89,7	90,10989	92,62723	92,61	92,34829	95,5047	101,2645	87,5	89,96823	91,76	91,18786	82,4422	89,48384	68,27259	57,37966	71,18069	61,39094
May-2009	88,9	90,1	90,6	83	83,4	91,4	86,6	90,9	93,4	92,1	95	85,9	79,4	96,6	90,5	91,6	97,5	88,4	95,1	92,2	89,4	79,9	91,2	89,9	90,6	92,4	93,2	92,3	95,3	101,4	87,9	90,2	91,8	91,4	82,6	89,6	68,6	57,8	71,2	61,7
Jun-2009	88,79623	89,90858	90,94022	83,33214	83,39044	91,6	86,54487	91,13378	93,5	92,35915	94,95932	85,86233	80,48837	96,28706	91,27302	91,69245	97,32757	88,32721	94,59816	91,9001	89,83	80,06355	90,85	90,4	90,76109	92,51576	93,68	92,72298	95,48875	101,608	88,1	91,00317	91,99	91,85248	82,94496	90,00387	68,84032	58,52726	71,29316	62,11131
Jul-2009	88,5	89,8	90,6	83	83,4	91,2	87,4	90,5	93,1	92,4	94,3	87	80,6	95,6	92,2	91,7	97	88,6	94	91,2	89	80,3	89,9	89,9	90,8	92	92,8	91,9	95	100,9	88	90,9	91,4	91,7	83,2	89,9	69	61,2	71,6	62,5
Aug-2009	88,87875	90,12661	90,62418	82,59093	83,3986	91,4	87,3652	90,79842	93,56	92,54573	93,56789	86,75056	81,04129	95,88836	92,76755	91,95861	97,32757	88,9555	93,05932	91,0042	90,2	80,47371	90,14	89,7	90,51689	91,75743	92,85	92,25195	95,2462	101,0454	88,3	91,06267	91,69	91,92511	83,43617	90,0584	69,10899	61,97004	72,01171	62,50261
Sep-2009	89	89,9	90,6	83,5	83,3	91,6	87,2	91	93,3	92,3	95,3	86,7	81,7	95,6	92,4	91,8	97,3	89	92,8	91,6	90,1	80,9	90,6	90,4	90,5	91,9	92,7	92	95,5	101	88,3	91,1	91,7	91,9	83,6	90,1	69,3	62,4	72,8	62,5
Oct-2009	88,96127	89,9284	90,54517	83,52369	83,19465	91,6	87,05758	90,46307	93,42	92,26585	95,81895	86,67654	82,60362	95,38998	92,6608	91,82553	96,92033	88,79842	92,67407	91,1564	90,02	81,12206	90,7	90,2	90,59829	91,98632	92,79	92,69086	95,77916	101,6604	88,4	91,20738	91,92	91,92326	83,76161	90,19873	69,46884	63,11763	72,90522	62,48386
Nov-2009	89,1	90,2	91	83,2	83,1	91,6	86,9	90,5	93,6	92,2	96,3	86,9	83,2	95,4	92,9	91,8	96,7	89	92,1	91,2	90,4	81,5	90,6	90,5	90,8	92,2	93,6	93,2	95,8	101,9	88,6	91,3	92	92	84	90,3	69,8	64,3	72,9	62,7
Dec-2009	89,29137	90,31491	90,70319	82,87408	83,21097	91,4	87,00631	90,63074	93,8	92,91889	96,4534	86,82458	83,6064	94,8916	92,8743	92,02515	96,51311	89,26964	91,61096	90,8823	90,26	81,88033	90,08	90,8	90,84249	92,26697	93,17	93,16939	95,96745	101,6104	88,9	91,11118	92,3	91,95792	84,20439	90,33387	70,01176	64,64775	73,12391	62,92199
Jan-2010	89	90,7	90,9	83,3	83,8	91,6	87,4	90,8	93,6	92,4	95,7	88,1	83,4	94,4	92,2	92,2	96,6	90	91,8	92	89,5	82,8	90,1	90,9	91,4	91,8	92,4	92,2	95,4	101,5	88,8	91,4	91,6	92,1	84,5	90,5	70,5	65,8	73,7	64
Feb-2010	89,20885	91,10775	91,33527	83,53596	84,47544	92,7	87,57028	91,09257	94,11	92,73232	95,23306	88,30496	84,31107	94,79192	92,02029	92,22477	96,61491	90,1562	91,74881	91,9807	90,59	83,24914	90,69	92	91,57509	91,85397	92,8	92,06674	95,93553	101,6453	89	91,44534	91,85	92,20301	84,75782	90,70497	71,0869	65,03028	73,96743	64,50391
Mar-2010	90,2	91,4	91,3	83,6	84,7	93,3	88,6	91,6	94,6	93,2	98,2	88,9	84,8	94,8	92,1	92,5	96,8	90,3	92,2	92,3	91,1	83,8	91,8	92,5	91,8	92,9	93,8	92,7	96,2	101,8	89,4	91,8	92,9	92,6	85,1	91,1	71,5	65	73,8	64,9
Apr-2010	90,44671	91,76185	91,65131	83,99357	85,07913	93,4	89,05713	91,91985	94,81	93,29206	99,38755	89,41525	84,99796	95,09096	92,8743	92,82363	96,81853	90,70226	92,99764	92,65	91,37	83,57301	92,08	92,7	92,2263	93,29798	94,74	93,73784	96,17808	102,6545	89,9	91,98032	93,24	92,73293	85,28187	91,33259	71,86391	65,03028	73,96119	65,09853
May-2010	90,5	92,1	91,9	84,3	85,2	93,4	89,2	91,8	94,9	93,2	100,2	90,2	85,3	95,6	93,2	92,9	96,8	90,8	92,9	92,8	91,5	83	92	92,2	92,5	93,4	95,1	93,9	96,4	102,5	90,1	92,1	93,4	92,8	85,4	91,4	72,2	65,8	74,2	65,4
Jun-2010	90,52924	92,11863	91,80933	84,29865	85,26676	93,3	89,62111	91,89227	94,91	93,19877	99,91795	90,37749	85,07388	95,48966	93,51481	92,89017	96,61491	90,70226	93,29514	92,8611	91,53	83,02041	91,6	92,1	92,71469	93,60251	95,39	94,11359	96,37275	102,1021	90,2	91,96176	93,35	92,72871	85,4549	91,3185	72,17294	66,56041	74,89218	65,67918
Jul-2010	90,2	92,2	92,3	84,8	85,2	93,2	89,9	91,3	94,6	93,4	99,4	90,5	84,5	95,5	93,9	93,2	96,1	90,9	93,5	92,9	91,2	83,2	91,3	91,6	92,6	93,8	94,7	93,7	96,1	101,4	90	92	93	92,7	85,6	91,3	72,2	68,1	76,1	65,9
Aug-2010	90,36419	92,21774	92,20437	84,75626	85,32387	93,6	89,87746	91,72681	94,86	93,47865	98,74862	90,0074	84,72379	96,18739	94,36883	93,4225	96,20769	91,34109	92,82322	92,6593	92,21	83,43176	91,48	91,4	92,14489	93,57465	94,97	93,92839	96,08234	101,342	90,4	92,10816	93,13	92,84554	85,83767	91,42258	72,20891	68,09053	76,64796	66,27816
Sep-2010	90,6	92,5	92,4	85,1	85,2	93,9	90,6	92,2	94,8	93,4	100,6	89,9	84,7	96	94,7	93,2	96,4	92,1	93,2	93,2	92,2	83,9	92,1	92	92,7	93,7	94,5	94	96,9	101,3	90,4	92,2	93,4	92,9	86,1	91,6	72,5	68,5	77	66,8
Oct-2010	90,85933	92,63398	92,75744	85,18118	85,13624	93,8	91,15923	92,60005	94,91	93,47865	100,8095	90,22946	85,35616	96,08772	94,90259	93,4225	96,71672	92,06847	93,59123	93,6402	92,34	84,38685	92,13	92,1	93,20309	94,14588	94,54	94,85226	97,20251	101,8576	90,6	92,2765	93,7	93,03925	86,46991	91,80468	73,0778	69,23813	77,03535	67,16907
Nov-2010	90,8	92,8	92,8	85,2	85,3	93,9	91,5	92,8	95	93,6	101	90,5	85,4	95,9	94,9	93,4	96,4	91,6	93,8	93,6	92,5	85,1	92	92,3	93,3	94,3	94,8	95,4	97,5	102,1	90,9	92,3	93,8	93,1	86,7	91,9	73,7	69,6	77,5	67,7
Dec-2010	91,35448	93,1196	92,83645	85,34462	85,85413	94	91,97956	93,21591	95,45	94,13169	101,4432	90,89563	85,68269	96,18739	95,43635	93,7552	96,20769	91,97781	93,93983	94,3614	92,76	85,48437	91,82	93,3	93,69149	94,58775	94,9	95,95277	98,21098	102,1384	91,7	92,47396	94,35	93,28332	87,14127	92,11063	74,14853	70,76825	78,21003	68,44444
Jan-2011	91,3	93,6	93,1	85,6	86,6	94,1	91,9	93,6	95,2	93,9	100,7	91,6	84,9	95,9	95,5	94,1	96,1	93,1	95,1	94,7	92,4	85,9	91,7	92,7	94,8	95,1	94,1	95,3	97,7	101,8	91,8	92,9	93,7	93,5	87,6	92,4	74,8	71,9	78,9	70,1
Feb-2011	91,90453	94,18993	93,31051	85,76954	87,15125	95,2	92,54354	94,12592	95,67	94,50486	99,41167	91,9319	85,89934	96,78545	95,86336	94,4186	96,10588	93,70772	95,4137	94,7972	93,82	86,22307	92,41	93,1	94,9939	95,12714	94,1	95,37147	98,30033	102,1638	92,3	93,37263	94,08	93,9166	87,92581	92,76113	75,36218	70,76825	79,01607	70,61309
Mar-2011	93	94,7	94,3	86,4	87,4	95,8	93,3	94,6	96,5	95,1	102,7	93	86,7	97,7	96,1	94,8	96,3	94,1	96,1	95,8	94,5	86,4	93,5	93,4	95,9	96,7	95,6	96,1	99	102,8	92,6	94,3	95,4	94,6	88,5	93,4	76	70,8	78,8	71,1
Apr-2011	93,4408	94,89359	94,65367	86,69566	87,49388	96,2	93,87657	94,82451	96,78	95,06461	103,2919	93,56033	87,41074	98,08124	96,61062	95,25581	96,4113	94,16418	97,18982	96,7562	94,78	86,38162	93,96	93,9	96,37769	97,06477	96,35	97,28023	99,39178	102,9202	93,3	94,89024	95,88	95,08812	88,90128	93,88238	76,54243	71,15078	78,5162	71,35641
May-2011	93,5	95,2	95,3	87	87,7	96,3	94	94,9	96,8	95,1	103,5	93,8	88,2	98,1	97	95,3	96,4	94,3	97,5	97,5	94,8	85,7	94	93,7	96,9	97	97,2	97,2	99,6	102,9	93,5	95,3	95,9	95,4	89,2	94,2	76,9	71,5	78,6	71,7
Jun-2011	93,53116	95,50804	94,65367	87,19685	88,02415	96,1	94,03039	95,14623	96,91	95,15791	103,254	93,56033	88,67004	98,08124	97,46464	95,44186	96,30949	94,52786	97,78678	97,3479	94,75	85,74055	93,57	93,4	96,5405	96,7901	96,66	97,11108	99,34072	102,6783	93,5	95,23452	95,88	95,30803	89,22113	94,05955	77,01759	72,29838	79,04105	71,86383
Jul-2011	93,4	95,6	94,8	87,3	88,1	96	94,5	94,9	96,5	95,3	101,8	93,3	88,8	98	97,1	95,7	96,3	95	97,5	97,1	93,9	86,2	94	93,1	96,2	96,7	95,6	96,6	99,3	101,8	93,5	95,3	95,3	95,4	89,4	94,1	77,1	73,8	79,6	71,9
Aug-2011	93,53116	95,53777	95,04872	87,44745	88,11388	96	94,79945	95,24734	96,98	95,43778	100,3965	93,19023	88,99951	98,18092	97,67814	96	96,4113	95,62105	97,17611	96,7718	95,22	86,28821	94,19	92,6	96,2149	96,2935	95,82	96,70963	99,32476	101,5368	93,9	95,58175	95,52	95,62043	89,63513	94,31542	77,42616	74,21103	80,31571	71,68419
Sep-2011	93,9	95,8	95,3	87,9	88,4	96,3	95,3	95,6	96,9	95,6	103,7	93,1	89,5	98,5	97,5	96	96,4	95,5	97,5	97,4	95,3	86,5	94,5	93,4	96,3	97,1	96,4	96,9	100	101,8	94,5	95,7	96,2	95,8	90	94,5	77,8	75,4	80,5	71,7
Oct-2011	93,983	95,94411	95,44377	88,3082	88,55441	96,4	95,15834	95,88159	97,14	95,62437	103,8321	93,78239	89,84492	98,77897	97,57139	96,55814	96,51311	95,34801	97,74634	97,5379	95,46	87,08355	94,57	93,3	96,94749	98,09878	97,11	97,71058	100,0237	101,743	94,5	95,52943	96,54	95,72456	90,19403	94,63339	78,17139	75,74116	80,44068	71,99947
Nov-2011	94,1	96,3	95,5	88,6	88,7	96,3	95,3	95,9	97,4	95,8	104	94,4	89,9	98,8	97,5	96,5	95,9	95,4	97,7	97,7	95,8	88	94,3	93,3	97,6	98	97,4	98,1	100,3	101,6	94,7	95,4	96,6	95,7	90,3	94,7	78,6	76,1	80,7	72,3
Dec-2011	94,2541	96,36035	94,96971	89,12536	89,05205	96,3	95,4147	95,91836	97,8	95,99754	103,8931	94,5966	90,17889	98,47994	97,46464	96,83721	96,00407	95,80236	97,72365	97,573	95,71	88,74881	94,04	93,4	98,0057	98,00423	96,8	98,23407	100,4577	101,4084	95	95,21342	96,95	95,59785	90,34698	94,73654	78,97067	75,35862	81,17173	72,61999
Jan-2012	93,8	97,1	95,4	89,2	89,7	96,7	96,1	96,5	97,5	95,9	103,1	96,5	90,4	98	97,5	97,1	96,2	96,2	98,5	97,9	95,1	89,4	94	93,2	98,7	98,5	96,3	97,2	99,5	101	94,7	95,6	96,2	95,8	90,6	95	79,4	75,7	81,8	73
Feb-2012	94,2541	97,63881	95,75981	89,55029	90,25127	97,8	96,44011	97,05817	97,86	96,55729	101,4976	97,3353	91,34226	98,87865	97,46464	97,48837	96,4113	96,54977	98,67787	98,2934	96,67	89,55872	94,7	94,2	99,0639	98,55158	96,84	97,25453	100,1832	101,2612	95,2	96,05344	96,65	96,24967	90,97223	95,34888	79,77019	76,12369	81,8278	73,25313
Mar-2012	95,2	97,8	96,2	89,7	90,4	98,3	97,4	97,4	98,7	97,1	104,4	98,1	92,3	99,9	97,8	98	96,8	96,6	99,3	99,2	97	89,6	95,8	94,1	99,6	99,7	97,8	97,9	100,5	101,8	95,4	96,8	97,9	96,9	91,6	95,9	79,9	76,9	81,9	73,7
Apr-2012	95,60963	97,91631	96,54991	89,74641	90,48785	98,3	97,6706	97,76595	98,8	96,93046	105,2576	98,88971	93,02074	99,8754	98,63891	98,4186	96,92033	96,5677	99,86932	99,8348	97,32	89,32903	96,17	94,2	100,1221	99,98167	98,9	99,28426	100,6843	101,9018	95,9	97,07532	98,36	97,10622	91,9651	96,19467	80,44929	78,41887	82,05274	73,90639
May-2012	95,5	97,9	96,5	89,8	90,8	98,4	97,6	97,8	98,8	96,9	104,9	98,7	93	99,9	98,6	98,4	96,6	96,7	99,7	99,9	97,2	89	96	94,2	100,3	99,6	99,5	99,1	100,6	101,9	95,9	97	98,2	97	91,9	96,1	80,7	78,8	82,1	74,3
Jun-2012	95,60963	97,65863	96,07585	89,50671	90,83864	98,2	97,6706	97,83949	98,78	96,74387	104,599	98,74168	93,47816	99,67606	98,42541	98,60465	96,10588	96,60354	99,64585	99,8227	97,11	89,45759	95,57	93,7	100,4477	99,41342	98,87	98,95239	100,3524	101,5963	95,6	96,81921	98,16	96,81757	91,90175	95,94142	80,80334	79,56647	82,62134	74,9519
Jul-2012	95,3	97,8	96	89,5	90,8	98,2	97,9	97,7	98,4	97,1	103,2	98,7	92,8	99,6	98,4	98,7	95,8	96,4	99,2	99,8	96,2	90	96,2	93,3	100	99,4	97,9	98,7	100	101,1	95,7	96,7	97,6	96,7	92	95,9	81,2	81,1	83,2	75,9
Aug-2012	95,60963	98,26318	96,23387	89,69193	90,85495	98,5	98,38839	97,83949	99	97,4902	102,1447	98,81569	92,65418	100,1744	99,49293	99,06977	96,00407	96,83124	98,86361	100,0083	97,68	90,2298	96,32	92,9	99,6337	99,25618	98,56	99,27676	100,0652	101,0768	96,1	97,19936	98,02	97,16502	92,47552	96,25625	81,4836	81,86165	83,99596	75,94968
Sep-2012	96,4	98,4	96,4	90,4	91,1	98,7	98,9	98,2	98,8	97,6	104,7	99,3	93,4	100,1	99,5	99,1	96,1	97,5	99,3	100,7	98,1	90,6	96,7	93,9	99,7	99,9	99,6	100,3	100,5	101,4	96,4	97,6	98,7	97,4	92,9	96,6	81,9	82,2	84	76,4
Oct-2012	96,60368	98,61005	96,54991	90,89043	91,26285	98,7	99,05491	98,37262	98,94	97,5835	105,5182	99,40784	93,61817	99,97508	99,27943	99,06977	96,10588	97,34146	99,31357	100,5769	98,23	91,08599	97,29	94,3	100,1221	100,1887	99,74	101,1063	100,3971	101,517	96,8	97,59511	98,96	97,46143	93,12086	96,74892	82,43159	83,00925	84,14592	76,71869
Nov-2012	96,7	98,5	96,3	90,5	91,1	98,5	98,7	98,1	98,8	97,7	105	99,3	93,9	99,6	98,9	98,9	95,8	97	99,2	100,4	98,2	91,7	96,9	94,4	100,2	99,9	99,7	101	100,2	101,2	97	97,1	98,8	97,2	93,1	96,5	82,9	83,4	84,2	77
Dec-2012	96,87479	98,51094	95,75981	90,45461	91,22206	98,3	98,69601	98,17959	99,1	97,95667	104,7285	99,33382	93,96902	99,67606	98,95917	99,06977	95,80046	97,16857	99,28245	100,3367	97,93	91,91563	96,76	94,7	100,2849	99,88514	99,39	101,0517	100,4034	100,9679	97,3	96,87111	99,11	97,0736	93,26096	96,50051	83,58145	83,77431	84,65829	77,39523
Jan-2013	96,3	98,5	95,8	90,6	91,5	97,9	99,4	98,1	98,6	97,5	103,3	100,1	94,2	99,2	98,9	99,3	95,9	97,8	99,1	100,5	97,1	92,3	96,8	94,5	100,4	98,6	98,6	99,8	99,6	100,7	97	97,2	98,1	97,2	93,5	96,6	84,3	84,5	85,2	78,1
Feb-2013	96,60368	98,79835	96,94495	90,71611	91,89917	99	99,97778	98,67596	98,88	98,04996	101,5677	100,074	95,76604	99,97508	98,85242	99,34884	95,69865	98,07832	98,99141	100,4466	98,9	92,74011	97,54	95,1	100,3663	98,52571	99,42	99,93301	100,0141	101,0018	97,5	97,95331	98,45	97,72847	94,12968	97,08082	84,80601	85,30443	85,7653	78,58358
Mar-2013	97,4	98,9	97,1	91,1	92,1	99,3	100,7	99,1	99,6	98,5	104,2	100,3	96	100,4	99,1	99,5	95,9	98	99,5	100,8	98,9	93,4	98,6	95,4	100,5	100,2	99,7	100,3	100,4	101,2	97,8	98,2	99,6	98	94,4	97,4	85,2	85,7	86,2	78,9
Apr-2013	97,50736	98,89745	96,94495	90,62894	92,31522	99,1	100,6443	99,27343	99,48	98,04996	104,6316	100,5181	96,13067	100,3738	99,49293	99,53488	96,20769	97,85168	99,51409	101,0692	99	93,48232	98,67	95,9	100,9361	100,1648	100,39	100,6599	100,2183	101,2553	98	98,10731	99,52	97,96229	94,55411	97,41379	85,67327	86,45203	86,21372	79,2529
May-2013	97,7	99	97,2	90,6	92,6	99,2	100,8	99,3	99,5	98,4	104,4	100,4	96,1	100,3	99,6	99,5	96,3	97,9	99,6	101,3	98,8	93,2	98,7	96	100,9	100,3	100,7	100,8	100,4	101,4	98,2	98,3	99,6	98,1	94,7	97,5	86	87,2	86,3	79,8
Jun-2013	97,6881	99,21459	97,18198	91,19551	92,79654	99,1	101,3621	99,22747	99,7	98,51642	104,1973	100,6662	96,61511	100,3738	100,3469	99,81396	96,30949	97,73256	99,80056	101,0218	99,11	93,11464	98,32	95,7	100,8547	100,3877	100,76	100,9939	100,2056	101,4664	98	98,51783	99,74	98,28272	94,91634	97,67495	86,21386	88,36468	87,177	80,11103
Jul-2013	97,2	99,3	97,3	91,4	92,8	98,8	101,3	99,2	99,4	99	102,5	100,4	96,4	100,3	100,7	99,9	96,5	97,9	99,5	100,4	98	93,1	99,2	96,1	101,2	100,2	100,4	100,5	100,1	101,1	98	98,6	99,2	98,4	95,2	97,8	86,2	89,9	89,8	80,8
Aug-2013	97,32663	99,25423	97,26099	91,65312	92,91075	98,9	101,2596	99,05283	99,86	98,98288	100,8392	100,148	96,68452	100,3738	100,8807	100,2791	96,81853	98,28916	98,66038	100,4119	99,4	93,34862	99,03	96	100,8547	99,40844	100,78	100,7851	100,1577	101,0317	98,4	98,6752	99,33	98,545	95,44569	97,89378	86,44656	90,65987	90,69797	80,88101
Sep-2013	98	99,3	97,4	92,2	93,2	99,2	100,9	99,4	99,6	99	103,5	100,6	97	100,3	100,9	100	97,1	98,5	98,9	101,1	99,6	93,7	99,1	96,4	100,9	100	101	100,6	100,5	101,3	98,7	98,8	99,8	98,6	95,8	98	86,7	91	90,5	81,1
Oct-2013	97,95921	99,23441	97,18198	92,28506	92,94338	99,3	100,593	99,54	99,5	98,7963	103,4199	100,2961	97,01311	100,0748	101,201	99,81396	97,22575	98,17953	99,27763	100,9862	99,37	94,14568	98,8	96,6	101,0989	99,94186	101,07	101,0057	100,3364	101,2579	98,8	98,53555	99,69	98,47887	95,91473	98,0097	87,24353	92,18999	90,63983	81,51286
Nov-2013	98	99,3	97,2	92,6	92,7	99,1	100,2	99,4	99,5	99	102	100,2	97,4	99,9	100,8	99,5	97,2	98,2	98,8	100,8	99,4	95	98,3	96,7	100,9	99,7	100,9	101,2	100,3	101,3	98,8	98,3	99,6	98,4	96	97,9	87,7	93	90,8	82
Dec-2013	98,68215	99,46235	96,94495	93,1785	92,98418	99	100,0803	99,7606	99,8	99,35605	102,9378	99,70393	97,85952	99,8754	100,8807	99,72093	97,32757	98,27967	98,86786	100,7025	99,44	95,56839	98,36	96,6	101,0175	100,0802	100,06	101,3065	100,5407	101,0356	99,2	98,32586	99,95	98,45834	96,05147	98,07997	88,52168	91,42493	91,19621	82,38737
Jan-2014	97,9	99,6	97,3	93,3	93,4	98,9	100,4	99,7	99,2	98,8	101,8	100,1	97,2	99,4	100,2	99,9	97,2	98,8	99,5	100,7	98,5	96,4	98,2	96,6	101,1	98,7	99,4	100	99,4	100,8	98,7	98,7	98,8	98,5	96,2	98,2	89	90,7	92,2	82,9
Feb-2014	98,04958	99,75967	98,05109	93,79954	94,02839	99,5	100,593	99,94445	99,79	99,26276	100,4	100,148	97,81926	99,8754	100,1334	99,81396	97,22575	99,07136	99,46172	100,6094	99,75	96,66713	98,57	97,1	101,1803	98,44411	99,54	99,91587	99,79389	100,8593	99,1	99,05661	99,14	98,8777	96,55585	98,49373	89,62258	91,0424	92,40862	83,45357
Mar-2014	99	99,8	98,6	94,6	94,4	99,6	100,9	100,2	100,2	99,5	102,8	100,4	98,1	100,6	100,3	99,9	97,4	99,3	99,8	101	99,7	96,9	99,4	97,3	101,3	99,8	100,3	100,1	99,8	101,2	99,3	99,7	100,1	99,3	97	99	90,4	91,4	92,5	84,3
Apr-2014	99,134	99,5119	98,9202	95,17238	94,82787	99,8	100,8494	100,3213	100,2	99,35605	103,2216	100,4441	98,35957	100,6728	100,4537	100,093	99,46552	99,31804	100,2452	101,2689	99,77	96,75112	99,85	97,7	101,2617	100,0235	100,82	101,0292	100,1737	101,2938	99,6	100,0232	100,22	99,82794	97,40659	99,39249	91,05317	92,57253	92,46675	85,06354
May-2014	99,4	99,4	99,4	95,5	95,3	99,7	101	100,1	100,2	99,3	102,4	100,3	98,4	100,6	100,6	100	99,9	99,5	100,2	101,2	99,8	96,4	99,5	97,8	101,2	99,9	101,4	101,1	100,2	101,6	99,6	100,4	100,1	100,1	97,7	99,6	91,5	93,3	92,6	85,8
Jun-2014	99,49547	99,48217	99,47327	95,54282	95,37445	99,7	101,0032	100,1467	100,18	99,54263	103,0598	100,3701	98,77718	100,7725	100,8807	100,093	99,77094	99,35388	100,4738	101,1822	99,96	96,60885	99,24	97,5	101,1803	99,96674	101,53	101,0806	100,4322	101,5167	99,8	100,5595	100,23	100,2135	97,84696	99,69774	91,83783	94,10265	93,01482	86,36125
Jul-2014	99	99,7	99,3	95,8	95,5	99,5	100,8	100	99,9	99,8	101,8	100,5	98,6	100,6	101	100	99,9	99,5	100,1	100,7	98,9	96,9	100,1	98,3	101	99,3	100,4	100,1	100,1	101,1	99,6	100,5	99,6	100,2	98	99,7	91,8	96,4	93,9	86,8
Aug-2014	98,95325	99,27406	99,31525	96,07671	95,71708	99,4	100,5418	100,1834	100,3	99,82251	100,5401	100,2961	98,85258	100,7725	100,8807	100,186	100,0764	99,67329	99,48249	100,5837	99,99	97,2225	99,98	97,9	100,6105	99,05117	100,42	100,2884	100,0013	101,1042	99,9	100,3523	99,69	100,1797	98,13096	99,6897	92,07681	96,78036	94,31857	86,99271
Sep-2014	99,6	99,2	99,4	96,9	95,8	99,7	100,3	100,7	99,9	99,8	102,6	100,1	98,7	100,5	100,6	99,8	100,3	99,6	100	101	99,9	97,7	100	98,5	100,6	99,6	100,7	100,4	100,2	101,2	100	100,4	100,1	100,2	98,4	99,8	92,6	96,8	94,6	87,6
Oct-2014	99,49547	99,3236	99,47327	97,88536	96,00261	99,8	100,3367	100,5511	99,95	99,54263	101,6864	99,85196	98,8662	100,2741	100,8807	99,90697	99,97455	99,30855	99,94767	101,0917	99,67	98,19183	99,84	98,6	100,6105	99,94585	100,91	100,9093	100,2151	101,245	100,1	100,1755	100,06	100,0267	98,40144	99,73217	92,99047	96,78036	95,01612	88,27613
Nov-2014	99,7	99,2	99,1	97,9	96,1	99,6	99,6	100,4	99,8	99,5	100,7	99,5	98,4	100	100,7	99,7	99,7	99,1	99,7	101,1	99,4	99	99,3	98,6	100,4	99,7	100,7	100,8	100,1	101,2	99,9	99,6	99,9	99,6	98,3	99,5	93,5	96,8	96,4	89,4
Dec-2014	99,6762	99,08575	98,36713	97,51492	96,38603	99,4	99,56762	100,2294	99,86	99,54263	100,2543	98,81569	98,66863	99,57638	100,6672	99,72093	99,66913	99,09877	99,06382	100,4368	98,83	99,46884	99,05	98,6	100,1221	99,72292	100,2	100,251	100,2247	100,7038	99,9	99,06969	99,78	99,30657	98,39557	99,19124	94,19368	96,78036	98,81943	91,7485
Jan-2015	98,6	99	98,2	97,6	97	98,8	99,2	99,5	98,9	98,5	98,9	98,6	98	98,8	99,8	99,3	99,6	99,8	99,1	99,1	98,2	99,4	98,2	98,6	100	98,3	98,9	98,6	99,2	100,3	99,2	98,6	98,2	98,8	98,3	98,8	95,4	97,2	98,6	95,3
Feb-2015	98,89176	99,36324	99,07822	97,92894	98,12367	99,8	99,72143	99,79	99,52	99,21654	98,23171	99,11177	98,60883	99,37702	99,06592	99,72093	99,36371	99,71124	99,39298	98,8037	99,84	99,56741	98,69	98,9	99,8779	98,24009	99,15	98,8432	99,86729	100,0125	99,5	99,03172	98,85	99,19659	98,8186	99,13092	96,52494	96,78036	98,22153	97,39606
Mar-2015	100	99,4	99,8	98,5	98,7	100,2	100,3	100,1	100,2	99,7	100,5	99,7	99,6	100	99,4	99,8	99,7	99,7	100,2	99,6	100	100	99,8	99,2	100	100,1	100	99,5	100	100,3	99,6	99,6	100	99,7	99,3	99,6	97,8	97,2	98,4	98,6
Apr-2015	100,1917	99,79931	99,7103	99,11655	99,225	100,3	100,7981	100,11	100,28	100,2167	101,0469	100,074	99,77101	99,97508	100,0267	100	100,1782	99,7513	100,7893	100,2157	100,03	99,71396	100,39	99,6	100,4477	100,4215	100,11	100,388	99,9407	100,1567	99,9	99,82364	100,43	99,94556	99,62275	99,94308	98,49356	97,92796	98,74469	99,02799
May-2015	100,4	100	100,3	99,3	99,5	100,4	101	100	100,5	100,4	100,2	100,8	100	100,4	100,2	100,1	100,5	100	101,4	100,7	100,5	99,2	100,6	99,8	100,4	100,8	100,9	100,9	100,3	100,4	100,1	100,3	100,7	100,3	100	100,3	99,2	98,7	99,2	99,4
Jun-2015	100,4916	100,1065	100,5004	99,77029	99,5921	100,3	100,8494	100,03	100,44	100,4167	100,8376	100,9622	100,2889	100,5731	100,4537	100,2791	100,1782	100,0507	101,107	100,6425	100,64	99,38228	100,23	100,1	100,4477	100,7689	100,79	101,1374	99,99495	100,4636	100,1	100,6839	100,72	100,5119	100,1974	100,3977	100,0063	99,84061	99,7661	99,5634
Jul-2015	100,1	100,1	100,6	100,2	99,8	100,2	100,5	99,8	100	100,6	99,5	101	100,5	100,4	100,7	100,2	100,1	100,2	100,1	100,2	99,6	99,5	101	100,1	100,4	100	100	100,2	100	99,8	100	100,7	100,1	100,5	100,3	100,4	100,6	100,6	100,7	100,4
Aug-2015	99,89168	100,1759	100,5794	100,8707	100,2611	100	100,1829	99,99	100,35	100,6168	99,07301	100,3701	100,9982	100,7725	100,4537	100,3721	100,1782	100,3712	99,58343	99,3416	100,54	99,73795	100,69	99,9	99,9593	99,70302	100,11	99,86556	99,82899	99,68618	100,3	100,5481	100,12	100,471	100,4511	100,357	100,8476	100,9882	101,0865	100,7112
Sep-2015	100,3	100,2	100,4	101,4	101	100,2	99,6	100,1	100	100,4	100,9	99,7	100,6	100,3	100,1	100	100,3	100,1	99,4	100	100,4	100,1	100,5	100,6	99,6	100,5	100	99,6	100,2	99,8	100,2	100,4	100,3	100,3	100,6	100,3	101,4	101,8	101	101,3
Oct-2015	100,1917	100,5922	100,5004	101,7969	101,6642	100,1	99,72143	100,29	100,01	100,4167	100,7536	100	100,6616	100,0748	100,2402	100,186	100,28	100,1108	99,74394	100,4212	100,2	100,6267	100,41	101	99,7151	100,5788	100,06	100,1964	100,3013	99,86822	100,3	100,3464	100,45	100,3193	100,7855	100,4155	102,2234	102,9009	100,9536	102,0347
Nov-2015	100,3	100,7	100,4	101,8	102,3	99,9	99,4	100,1	99,8	99,7	100	100	100,3	99,8	99,8	99,8	99,9	99,9	99,7	100,7	100,3	101,2	99,9	101,3	99,6	100,4	100,2	100,6	100,1	99,8	100,3	100,1	100	100,1	100,8	100,3	103,3	103,3	101,2	102,8
Dec-2015	100,6916	100,5723	99,94733	101,7751	102,9124	99,8	98,69601	99,99	100,04	99,71662	100,0865	99,70393	100,6567	99,67606	99,70643	99,81396	99,87274	100,2204	99,4043	100,3518	99,91	101,5883	99,73	100,9	99,4709	100,119	99,75	100,2691	100,2758	99,38626	100,4	99,79242	100,03	99,86382	100,8466	100,1463	104,247	102,9009	102,1328	103,5916
Jan-2016	99,8	100,7	100,2	102,3	104,2	99,4	98,6	99,6	99,1	99	98,1	99,6	100,1	98,9	99,2	99,6	99,5	100,4	98,8	100	98,7	102	98,7	101,5	99	99,1	98,4	98,4	99,9	99	99,9	100	98,6	99,7	100,9	100,1	105,6	102,9	102,7	104,6
Feb-2016	99,89168	100,7408	100,4214	102,5378	105,5719	100,1	99,25999	99,7	99,33	99,31655	97,72501	99,40784	100,7472	99,27735	98,85242	99,4	99,56732	100,8213	98,91392	99,6948	100,01	102,4222	99,3	102,1	98,9011	98,63717	98,42	98,00926	100,2534	99,18388	100,1	100,0397	98,72	99,85935	101,1801	100,1826	106,521	102,1358	102,5646	105,2449
Mar-2016	100,7	101,7	101,1	102,9	106,6	100,2	100,1	100,1	100	100	99	99,5	101,1	99,7	98,6	99,6	99,7	100,6	99,6	100,7	100	102,6	100,3	102,5	99	100,5	99,2	98,6	100,8	99,5	100,4	100,5	100	100,3	101,5	100,6	107	102,5	102,8	105,7
Apr-2016	100,6916	101,831	101,3695	103,2677	107,0974	100,3	100,0291	100,37	100,09	100,1167	99,77558	100,2961	101,3209	99,8754	99,06592	99,5	99,87274	100,7507	99,99126	101,239	100,1	102,2483	100,4	102,9	99,3081	100,8992	99,54	99,32922	100,7322	99,80416	100,6	100,9468	100,17	100,6008	101,8481	100,8897	107,6316	103,6659	102,2989	106,1943
May-2016	101	102,2	101,8	103,5	107,6	100,5	100,1	100,3	100,5	100,6	99,3	100,6	101,7	100,4	99,4	99,8	100	100,8	100,6	101,2	100,4	101,8	100,6	103,2	99,4	101,2	100,5	99,9	100,9	99,9	100,8	101,4	100,6	101	102,2	101,2	108,5	105,2	102,5	106,6
Jun-2016	101,0916	102,267	102,0016	103,9651	108,1579	100,6	100,4392	100,39	100,63	100,7168	100,1207	100,8142	101,9228	101,0715	99,70643	99,9	99,87274	100,7907	100,5643	101,3439	100,66	101,9046	100,26	103,8	99,5523	101,3192	101,03	100,3334	101,0194	100,0878	101	101,6881	100,76	101,1771	102,4119	101,4069	108,8506	105,9611	103,2123	107,0135
Jul-2016	100,7	102,4	101,8	104,2	108,7	100,5	100,4	100,3	100,3	101,1	98,5	100,6	101,6	100,9	100,1	100,1	99,7	100,6	100,2	100,6	99,6	102,2	100,8	104,5	99,2	100,6	100,2	99,6	101,1	99,6	100,9	101,5	100,3	101,1	102,5	101,4	109,4	107,1	103,9	107,6
Aug-2016	100,4916	102,3364	101,6855	104,2701	108,3782	100,2	100,4905	100,37	100,58	101,0168	98,13389	100,2221	101,9665	100,6728	99,81319	100,3	99,66913	100,8603	99,55921	100,1629	100,7	102,4582	100,88	103,9	99,0639	100,4245	100,16	99,73174	100,9683	99,54354	101,2	101,6168	100,34	101,1586	102,5265	101,4182	109,8981	106,3436	103,9099	107,6022
Sep-2016	101,2	102,1	101,8	104,5	108,3	100,2	100,7	100,5	100,3	101	99,9	100,4	102,5	100,3	99,7	100,1	99,8	101,5	100	100,8	100,8	103,1	100,6	104,2	99,1	101,1	100,2	99,7	101,1	99,6	101,5	101,9	100,7	101,3	102,8	101,6	110	106	104,1	107,8
Oct-2016	101,4915	102,4157	102,0016	104,6951	108,2558	100,4	100,3367	100,75	100,37	101,2169	100,2672	100,9622	102,4539	99,77573	99,91994	100	100,3818	101,6003	100,7835	101,322	100,72	103,7095	100,83	104,7	99,5523	101,4685	100,69	100,8761	101,4853	99,65571	101,6	101,988	100,95	101,4843	103,0235	101,8734	110,2721	106,3436	104,2919	108,2486
Nov-2016	101,6	102,5	101,6	104,7	108,4	100,3	100,4	100,8	100,4	100,5	99,1	101	102,4	99,7	99,5	99,9	100,4	101,5	101	101,7	100,8	104,5	100,5	104,9	99,6	101	100,8	101,2	101,5	99,5	101,8	101,8	100,6	101,3	103	101,8	110,5	106	104,8	108,7
Dec-2016	102,0915	102,6139	101,4485	104,5316	108,8269	100,3	100,9007	101,02	100,65	101,2169	100,1095	101,4064	102,5623	99,67606	99,49293	100,3	100,1782	101,5613	101,5716	102,0671	101,04	105,002	100,71	104,4	100,3663	100,9978	100,26	101,8418	102,0215	99,37955	102,2	101,8627	101,12	101,4427	103,1329	102,0261	110,802	105,196	105,2219	109,1597
Jan-2017	101,8	103,3	102,3	105,1	109,9	100,3	101,3	100,4	100,4	100,6	99,3	101,9	102	99,2	99,3	100,6	100	102,6	101,7	102,3	100,4	106,8	100,4	104,3	100,8	100,4	99,7	101,3	101,3	99,3	101,8	102,5	100,3	101,7	103,5	102,4	111,2	104,8	106,2	109,8
Feb-2017	102,0915	103,7338	102,4756	105,3488	111,0458	101,1	102,6439	100,92	100,53	101,2169	98,99581	102,2206	102,7101	99,77573	99,27943	101	99,87274	102,9212	102,1341	102,6767	101,77	107,4043	101,09	104,7	101,0989	100,1688	100,64	100,9179	102,0374	99,82462	102,4	102,7787	100,65	102,0079	103,7066	102,7383	111,5902	104,8135	106,4925	110,0782
Mar-2017	102,6	104	102,6	105,8	111,6	101,2	102,9	100,9	101,2	101,4	100,8	102,1	102,8	100,4	99,6	101	99,9	102,9	103	103,8	101,8	108,1	101,4	105	101	101,9	101	100,9	102	100	102,7	102,9	101,5	102,1	103,9	102,9	111,9	105,2	106,5	110,2
Apr-2017	102,7914	104,15	103,0287	106,0134	112,0901	101,4	103,2078	101,22	101,26	101,817	101,4137	102,5167	103,2937	100,7725	99,81319	101,4	100,28	102,7209	103,4133	104,8284	102,04	108,1962	101,98	105,2	101,3431	102,8956	101,3	101,8653	102,6151	100,2411	103,2	103,1673	102,06	102,4766	104,2794	103,3077	112,0257	105,9611	106,5672	110,585
May-2017	102,9	104,1	103,1	106,1	112,3	101,3	103,4	101,1	101,3	101,8	100,5	102,7	103,5	100,6	100,2	101,2	100,4	102,8	103,4	104,7	102,1	108,1	101,7	105,4	101,3	102,7	102	101,8	102,7	100,4	103,5	103,3	102	102,6	104,4	103,4	112,4	106,3	107	111
Jun-2017	102,9914	103,9023	103,0287	105,7301	112,4735	101,2	103,3616	101,14	101,32	102,117	101,138	102,7239	103,4963	100,6728	99,49293	101,1	100,28	102,6113	103,6067	104,9425	102,17	108,3385	101,37	105,8	101,1803	102,2398	101,96	101,8482	102,7523	100,2852	103,5	103,3491	102,07	102,6136	104,5233	103,4065	112,1145	107,1087	107,7215	111,6712
Jul-2017	102,7	104,2	103	106	112,4	102	104	100,9	101	102,5	99,5	102,8	103,5	100,7	99,4	101,2	100,1	102,8	102,9	104,6	101,5	108,7	102,1	106,1	101	101,6	101,2	101,1	103,3	100	103,5	103,3	101,6	102,6	104,6	103,4	112,4	109	108	111,7
Aug-2017	102,5915	104,2789	103,1077	106,1986	112,5714	101,7	104,4383	101,11	101,49	102,6171	99,00959	102,8053	103,736	101,0715	99,70643	101,5	100,28	103,3703	102,6504	104,5411	102,68	109,2855	102,27	105,3	100,9361	101,565	101,36	101,3472	103,1384	100,0041	104	103,5871	101,88	102,8653	104,882	103,6702	112,5971	109,0214	107,8793	111,146
Sep-2017	103,6	104,2	103,3	106	112,6	101,8	104,4	101,3	101,3	102,7	100,9	102,9	103,9	100,5	99,8	101,2	100,6	103,5	102,9	105,6	102,5	109,6	102	105,9	101,3	102,5	101,6	101,5	103,3	100,3	104,3	104,1	102,3	103,2	105,2	104	112,8	109	108	111
Oct-2017	103,6914	104,4672	103,4238	106,6563	112,6366	101,9	104,1307	101,3	101,43	102,5171	100,9835	103,1828	104,3628	100,3738	100,1334	101	100,5854	103,3903	103,613	105,7737	102,63	110,3174	102,17	106	101,8315	102,8807	101,72	102,4605	103,2023	100,3144	104,4	104,0697	102,34	103,1702	105,4427	104,1391	113,2509	109,7864	108,0287	111,2012
Nov-2017	103,9	104,6	103,7	106,8	112,8	101,6	104,7	101,6	101,5	102,1	100,2	103,6	104,2	100,2	99,8	100,8	100,9	102,6	103,7	106,1	102,4	111,5	102	106,1	102,3	102,5	102	102,9	103,4	100,2	104,7	104,1	102,1	103,2	105,6	104,3	113,6	110,2	108,2	111,4
Dec-2017	104,2913	104,8041	103,3447	106,9069	113,273	101,3	104,3358	101,51	101,85	102,6171	100,7624	103,6269	104,4811	100,0748	99,91994	101,2	101,1962	102,9908	103,7569	106,0629	102,41	112,1138	101,97	106,1	102,5641	102,4786	102,01	102,9744	103,7927	100,213	105	104,0111	102,48	103,2959	105,7048	104,4181	114,0678	109,4039	109,0169	111,9139
Jan-2018	103,6	105,1	104,1	107,4	114	101	104,8	101,2	101,8	102	99,1	103,9	104,4	99,4	99,4	101,5	101,3	103,4	103,7	106,4	101,5	112,7	101,8	106	102,9	101,4	101,2	101,9	102,9	100,1	104,5	104,6	101,6	103,6	106,1	104,7	114,4	110,2	109,7	112,3
Feb-2018	103,8913	105,2699	104,6879	107,4516	114,7903	101,7	105,7714	101,52	101,72	102,3171	99,05471	104,1451	105,0079	100,2741	99,49293	101,5	101,298	104,2105	103,9752	106,244	102,81	113,1389	102,31	107	102,6455	100,747	101,87	102,0013	103,6778	100,4516	104,9	105,052	101,77	103,9205	106,5219	105,0098	114,7648	109,7864	109,8806	112,4966
Mar-2018	104,5	105,4	105	107,7	115,1	101,7	105,8	101,7	102,8	102,9	100,5	104,2	105,6	100,6	99,8	101,8	101	104,1	105,3	106,6	102,9	113,5	102,5	107,3	102,6	102,6	102,2	102,1	104	100,8	105,1	105,3	102,9	104,2	106,7	105,3	114,9	109,8	110,1	112,8
Apr-2018	104,6913	105,7357	105,32	108,0073	115,598	102,2	106,2328	101,98	102,92	103,1172	101,4515	104,8853	105,6367	100,3738	100,2402	101,9	100,8908	104,2906	105,4805	107,2826	103,13	113,12	103,11	107,7	103,0525	103,3036	102,86	102,9647	104,3895	101,0462	105,5	105,708	103,32	104,4835	106,9762	105,6562	115,1207	110,169	110,2044	113,2516
May-2018	104,9	106	105,4	108,3	115,9	102,4	106,5	102,1	103,4	103,9	101,1	105,6	105,6	101	100,7	102,2	101,1	104,3	105,8	107,7	103,5	112,9	103,4	107,8	103,3	103,7	104,1	103,9	104,6	101,4	105,9	106,1	104	104,9	107,3	106,1	115,6	110,6	110,4	113,7
Jun-2018	105,0912	106,0628	105,557	108,4213	116,0711	102,3	107,5146	102,32	103,37	104,0173	102,1206	105,9215	106,2061	101,0715	100,774	102,4	100,9926	104,1303	106,4696	107,7014	103,65	113,3728	103,1	108,5	103,3781	103,7903	104,07	104,1648	104,8745	101,4351	105,9	106,3168	104,08	105,0148	107,6849	106,2914	117,0376	111,3165	111,0847	114,239
Jul-2018	104,9	106,5	106,1	108,8	115,9	103,1	107,7	102,2	103,3	104,4	100,3	106,2	106,3	101,5	100,8	102,7	101	103,9	105,6	107,2	102,9	114	104,3	109,3	103,1	103,2	103,1	103,4	105,4	101,2	105,9	106,3	103,9	105,1	108,2	106,4	117,4	115,1	111,4	114,5
Aug-2018	104,8913	106,6178	106,0311	108,9988	116,063	102,7	108,1811	102,38	103,78	104,5174	99,97002	106,2916	106,4542	101,7692	100,8807	103,1	101,6035	104,8503	105,5419	106,7647	104,34	114,6455	104,4	108,9	103,1339	102,801	103,2	103,5653	105,1969	101,1853	106,5	106,3831	104	105,2963	108,5281	106,6735	117,3183	115,1419	111,3338	114,5589
Sep-2018	105,7	106,6	105,6	109,4	116,3	102,4	108,2	102,6	103,6	104,7	102	106,6	106,7	101,4	101	102,6	101,7	105,7	106,2	108,2	104,6	115,1	104	109,5	103,4	104	103,6	103,8	105,7	101,2	106,6	106,5	104,4	105,3	109,1	107	117,9	115,1	111,1	114,7
Oct-2018	105,9912	107,3412	105,9521	109,7615	116,3893	102,7	108,7451	102,85	103,67	104,9175	102,7695	107,1799	107,3314	101,2709	101,3077	102,6	102,0107	105,4607	106,931	108,8846	104,69	115,727	104,32	109,3	103,7851	103,8669	103,96	104,7782	105,5447	101,4245	106,7	106,6949	104,67	105,5288	109,4678	107,3776	118,4118	115,5244	111,4417	115,1438
Nov-2018	106,2	107,5	105,5	109,8	116,5	102,4	108,2	102,8	103,5	104,2	101,2	106,8	107,6	100,8	101	102,4	101,8	104,7	106,8	108,8	104,7	116,7	104,1	109,8	103,8	103,4	104,1	104,7	105,4	101,2	106,9	106,3	104,1	105,2	109,3	107,1	118,2	115,5	111,7	115,7
Dec-2018	106,2911	107,2521	105,399	109,6525	116,8788	102,1	107,9247	102,71	103,47	104,2174	101,3299	106,4397	108,3876	100,7725	100,6672	102,3	101,5017	104,3507	106,4038	108,0746	104,32	117,5295	103,97	109,8	103,7851	103,1593	103,46	104,1937	105,9117	100,906	107,1	105,9979	104,04	104,9921	109,2379	106,9151	118,3403	115,1419	112,4299	116,6915
Jan-2019	105,5	107,2	105,6	109,8	117,6	102,3	107,7	102,3	103	103,4	99,5	106,7	107,9	100,1	100,6	102,4	101,5	104,2	106,9	108,3	103,4	117,6	104,1	109,3	103,5	101,9	102,3	102,9	104,9	100,6	106,4	106,2	103	105	109,5	106,9	118,7	117,4	112,8	117,9
Feb-2019	105,4912	107,5494	106,2681	109,816	118,2541	102,8	107,8222	102,8	103,06	103,8173	99,6691	107,3279	108,1378	100,8722	100,6672	102,5	101,5017	104,6912	106,9758	108,4233	104,97	117,5968	104,97	110,2	103,9479	101,6934	103,11	103,1135	105,6405	101,0328	106,8	106,6489	103,28	105,3207	110,0124	107,2074	119,2294	117,437	112,704	118,3887
Mar-2019	106,4	107,9	107	110,3	118,8	102,9	108,2	102,9	103,9	104,2	101,5	108,1	108,7	101,7	101,2	102,8	101,5	104,5	108,2	109,4	105,1	118	105,4	110,4	104,3	103,5	103,8	103,5	105,9	101,6	107	107,3	104,3	105,8	110,5	107,7	120,1	118,2	112,8	118,8
Apr-2019	106,4911	107,9359	107,4533	110,6331	119,3567	103,2	109,6167	103,47	104,22	105,2175	102,4866	109,0303	109,0967	102,0683	101,5212	103	101,8071	104,8704	109,1061	110,323	105,33	118,1125	106,08	110,8	105,4131	104,0998	104,64	104,5309	106,6266	101,7617	107,6	107,8184	105,09	106,3486	111,1533	108,2828	120,8083	119,3497	113,3268	119,112
May-2019	106,7	108	107,9	111,3	119,7	103,1	109,9	103,3	104,3	105,4	101,4	109,7	109,3	102	102,2	103	101,8	105,1	109,3	110,6	105,6	117,8	105,9	110,5	105,7	104,2	105,6	104,7	106,9	102,1	107,9	108	105,2	106,5	111,5	108,5	121	120,1	114,1	119,5
Jun-2019	106,7911	107,8962	107,6903	111,3522	120,0524	102,9	110,0781	103,36	104,58	105,7176	101,8369	109,4745	109,7578	102,168	101,628	103,1	101,6035	104,8809	109,7107	110,3661	105,55	117,8478	105,84	110,6	105,9829	104,1923	105,93	104,6112	106,7415	102,0439	107,9	108,0695	105,4	106,5723	111,5964	108,5059	120,9774	120,8798	114,7302	119,5648
Jul-2019	106,4	108	108,2	111,6	120,3	103,5	109,9	103,1	104,4	106,2	100,3	109,7	109,5	102	101,3	103,1	101,6	104,6	108,7	110	104,8	118,3	106,9	111,4	106	102,8	105,2	104	107,2	101,5	108	108,3	104,9	106,7	111,9	108,7	121,2	122	115,1	119,8
Aug-2019	106,4911	107,9656	108,0853	111,8098	120,4171	103,1	110,6934	103,5	104,86	106,0177	99,79972	109,5485	109,8235	102,467	101,5212	103,5	101,8071	104,8113	108,8734	109,5784	106,06	118,2711	107,37	110,6	105,9829	102,7135	105,57	103,9047	106,716	101,507	108,3	108,2446	105,05	106,807	112,1799	108,7674	121,3407	122,4099	115,2201	119,5164
Sep-2019	107	107,5	107,6	111,8	120,7	102,9	110,5	103,5	104,5	106	101,9	109,6	109,9	102,3	101,3	102,9	101,9	105,2	108,9	110,6	105,9	118,6	106,7	111,1	106	103,8	105,4	103,9	107,2	101,4	108,4	108,3	105,3	106,8	112,6	108,8	121,3	123,2	114,9	119,3
Oct-2019	107,1911	107,8566	107,9273	112,736	120,8836	103,3	110,437	103,62	104,46	106,1177	102,038	110,2887	110,32	101,9686	101,7347	102,8	102,2143	105,4607	109,3437	110,6717	105,89	119,2214	107,16	111,3	106,2271	103,8828	105,44	104,9131	107,2425	101,1677	108,3	108,577	105,43	106,9762	113,126	109,1499	121,4136	124,3226	114,9295	119,4803
Nov-2019	107,4	107,9	107,8	112,8	121	103,1	110,2	103,5	104,5	105,3	101,5	110,4	110,5	101,9	101,3	102,6	102,3	104,9	109,1	110,7	105,9	120,2	106,7	111,6	106,3	103,7	105,5	105,1	107,3	101	108,5	108,5	105,1	106,9	113,4	109,1	122	125,5	115,1	119,8
Dec-2019	108,091	108,0647	107,7693	112,943	121,3252	102,9	109,8217	103,65	104,98	105,8176	102,1203	110,6588	110,5884	102,0683	101,3077	102,8	102,3161	105,1213	108,811	111,0177	106,08	120,8539	106,8	111,3	107,1225	103,5922	105,35	105,0148	107,7659	101,0632	108,5	108,4201	105,42	106,9123	113,699	109,2337	123,4363	126,2353	115,4859	120,2462
Jan-2020	107,6	108,7	108,1	113,6	121,8	103	109,4	103,3	104,5	105,2	100,4	111,7	109,8	101,4	100,9	102,9	102,3	105,5	109,2	111,5	105,4	121,4	106	111,3	108,1	102,7	104,5	104	106,2	100,8	108,3	108,8	104,4	107,1	114	109,4	123,7	126,2	115,8	120,7
Feb-2020	107,6992	108,7287	108,5594	114,087	122,6533	103,6	109,9243	103,67	104,53	105,5338	99,89766	112,0651	110,7749	101,9686	100,774	102,8	102,1125	105,5862	109,3833	111,4443	106,73	121,9434	106,64	111,2	108,8319	102,0795	105,14	103,8672	106,7415	100,97	108,6	109,139	104,55	107,2773	114,3503	109,6388	124,0047	125,4702	116,1419	121,1255
Mar-2020	108	108,6	107,9	114,5	123,3	103,3	109,2	103,5	104,6	105,7	101,5	112,3	111	102,4	101,2	102,9	102,1	105,4	109,7	111,4	106	121,9	106,9	111,2	109,1	103,5	104,3	103,5	106,6	101	108,6	108,9	105,1	107,1	114,2	109,6	124,1	124,7	116,3	121,8
Apr-2020	108,0236	108,5503	107,2162	114,4139	123,5404	103,2	108,7451	103,14	104,56	105,8501	101,0155	111,621	111,5684	101,9686	100,8807	103	102,0107	104,8904	109,1467	111,451	105,98	120,6497	107,34	111,7	108,9947	103,8719	103,36	103,7816	106,2404	100,68	108,6	108,1733	105,42	106,7145	113,9239	109,1983	123,7068	125,8527	116,3411	122,8026
May-2020	107,4	108,5	107,5	114,4	123,1	103,1	108	103,1	104,7	105,9	100,2	112,1	112,2	101,5	100,6	102,8	101,9	104,8	108,7	110,9	105,8	121,1	107,2	111,9	108,8	103,4	104,3	103,8	106,9	100,7	108,6	108,2	105,3	106,7	113,9	109,2	123,2	126,2	116,4	123,1
Jun-2020	107,9154	108,5404	108,4014	114,2831	122,6837	103,2	109,0014	103,32	104,79	105,9555	100,2388	112,5833	112,6673	101,7692	100,4537	102,9	101,7053	105,1118	108,9163	111,477	106,34	121,7769	107,51	112,1	109,4017	104,3227	105,6	104,2537	107,4978	100,7431	108,8	108,7673	105,68	107,0955	114,2831	109,6477	123,5571	127,0003	116,6298	123,4051
Jul-2020	108,1	108,8	108,4	114,4	122,7	104	109	103,7	105,2	105,1	98,5	113,8	112,8	101,6	100,7	102,7	101,8	105	109,2	111,2	105,8	122,6	108,7	112,9	109,2	103	105,5	103,3	107,7	100,6	109,2	109,3	105,3	107,4	114,7	109,9	124	128,5	116,5	123,8
Aug-2020	107,9154	108,8476	108,2433	114,5446	122,6787	103,6	109,6679	103,71	105,09	105,1121	97,89494	113,8416	113,3363	101,4702	100,6672	103	101,9089	105,6178	108,6281	110,9607	106,69	123,0592	108,13	112,5	109,0761	102,7015	105,42	103,3651	107,5712	100,6277	108,8	109,6622	104,87	107,5601	115,1001	110,1021	124,2996	129,2955	116,4522	123,7875
Sep-2020	108,3	108,4	108,2	115,3	123,1	103,5	109,4	103,7	104,6	105,1	99,9	113,4	113,8	101,1	100,6	102,3	101,7	106,2	108,7	111,4	106,6	123,3	107,9	112,9	109,3	103,7	105	103,5	107,6	100,6	109,2	109,8	105	107,6	115,4	110,2	125,1	130,1	116,4	123,7
Oct-2020	108,5642	108,6593	108,6384	116,0591	122,9969	103,7	108,7963	103,81	104,51	105,323	100,2342	113,6195	114,2588	100,4735	100,8807	102,5	101,6035	105,6072	108,6181	111,4826	106,59	124,0939	108,47	113,2	109,4017	103,8082	105,34	104,0642	107,5393	100,5908	109,2	109,8605	105,14	107,6359	115,7082	110,4023	126,171	131,6603	116,4744	124,2327
Nov-2020	108,7	108,5	108,8	115,9	122,8	103,6	109	103,7	104,7	105,1	99,4	113,3	114,3	100,8	100,7	102,4	101,3	105,5	108,3	111,3	106,4	124,2	107,6	112,4	109,5	103,5	104,5	104,2	107,5	100,3	109,1	109,8	104,8	107,6	115,7	110,4	127,3	132,1	116,8	125,1
Dec-2020	109,3211	108,5107	108,5594	116,2988	123,2791	103,4	108,9501	103,89	104,96	105,2175	99,75089	113,6936	114,5423	101,0715	100,5604	102,6	101,0944	105,7654	108,2719	111,2892	106,67	124,6609	107,85	112,9	109,5645	103,3544	104,21	104,456	108,2957	100,2407	109,4	109,8968	105,13	107,6384	116,055	110,5779	129,0124	130,8891	117,3181	126,1532
Jan-2021	108,5	109	109,2	117,1	123,8	103,6	109,7	104,2	105,1	106,5	98,4	114,7	114,5	101,2	100,5	103,3	101,6	106,5	108,7	111,8	107,4	125,7	107,6	114,1	110,9	103	103,8	104,5	107,9	100,3	109,3	110,4	105,3	108,1	116,6	111,1	129,3	130,2	117,6	127
Feb-2021	108,9967	109,2243	109,7445	117,3339	124,5705	104,2	110,5908	104,62	105,12	107,1152	98,63056	115,544	115,2641	101,5699	100,774	103,4	101,6035	107,0831	109,1787	112,075	106,64	126,5273	108,57	114,9	111,5181	102,5712	104,06	103,8501	108,1904	100,461	109,4	110,9684	105,53	108,5854	117,1833	111,5753	130,4472	131,1094	117,7399	127,989
Mar-2021	110,2	109,5	110,3	117,8	125,2	104,3	110,4	104,9	105,8	107,6	99,8	116,4	115,8	102,4	101,4	103,7	101,7	107,4	110	113,2	108,1	127,6	108,9	114,6	112,7	104	104,4	104,9	108,4	100,8	109,7	111,8	106,5	109,2	117,8	112,2	131,7	131,8	117,8	128,8
Apr-2021	110,0781	109,8883	110,8507	118,2164	125,9467	104,7	110,7959	105,26	105,86	107,9587	100,7251	117,3205	116,6418	103,065	101,7347	104,1	100,8908	107,5048	110,971	114,236	108,19	127,991	109,36	115	113,5531	104,4461	105,5	106,095	108,6244	101,0101	110,4	112,6729	107,12	109,7557	118,272	112,8451	132,0685	132,3214	117,9952	129,581
May-2021	110,4	110,1	111,4	118,5	127,2	104,9	111,9	105,4	106,2	108,2	100,3	117,9	117,2	103,2	102,1	104,1	101,2	107,6	111,5	114,9	108,5	128,3	109,5	114,9	113,9	104,7	106,5	106,6	108,8	101,3	111	113,6	107,4	110,4	118,8	113,4	133,2	132,9	118,4	130,5
Jun-2021	110,9431	110,3045	111,7198	118,6304	127,1429	105	113,1543	105,36	106,34	108,4858	101,2696	118,5788	117,4514	103,3641	102,1617	104,2	101,298	107,5786	111,8644	115,5194	108,68	128,9357	109,67	115,3	113,9601	104,8521	107,1	107,1023	108,9276	101,3521	111,4	114,6314	107,69	111,1045	119,3702	114,0887	133,8705	134,0842	118,1839	131,4406
Jul-2021	111,3	111,2	112,4	119,6	127,6	105,7	114,4	105,7	106,4	109	99,9	119,2	117,6	103,8	102,6	104,7	..	107,8	112,3	116,3	108,3	129,7	110,2	116,3	114,4	104,5	107,5	106,3	109,2	101,3	111,4	115,2	107,6	111,6	119,9	114,6	135,2	135,3	118,3	131,8
Aug-2021	111,3756	111,8208	112,6679	120,0142	128,1269	105,5	115,2052	105,96	107,05	109,1184	99,73395	119,393	118,1772	104,3608	102,909	105,1	..	108,3165	112,6934	116,8061	109,31	129,9408	110,71	116,3	114,7741	104,2789	107,64	106,778	109,7797	101,5149	112,1	115,4208	107,97	111,8163	120,2458	114,9001	136,3315	135,5165	118,3061	132,0722
Sep-2021	111,9	111,5	112,9	121,4	128,6	105,8	116,6	106,3	106,8	109,4	102,1	119,5	118,7	104,9	103,1	104,9	..	108,8	113,9	118,5	109,5	130,7	110,8	117,5	115,6	105,2	107,6	107,7	110,3	101,5	112,4	115,7	108,5	112,1	120,7	115,3	137,9	135,8	118,3	132,9
Oct-2021	112,5651	113,1786	113,695	123,054	128,6345	106,8	116,4357	107,09	107,25	109,9618	103,6557	120,9474	119,4431	105,5569	103,2292	105,6	..	108,949	115,1769	120,4154	110,45	131,8368	112,18	117,2	116,8905	105,709	108,55	109,6491	110,5615	101,84	113,4	116,6958	109,4	112,8125	121,7602	116,1811	139,6367	137,6098	118,406	134,3395
Nov-2021	113,3	114,6	113,9	123,7	129,3	107,1	118,6	107,6	107,6	110,2	104,1	121,8	119,8	106,2	103,1	106,2	..	109,5	116,4	121,6	111,2	133,3	113,2	118,1	118	106,2	109,3	110	111,1	101,9	114,1	117,3	109,9	113,3	122,5	116,9	141	138,5	118,8	135,6
Dec-2021	113,9708	114,7048	113,774	124,6339	130,2106	106,6	122,178	107,49	107,85	110,3835	104,8531	122,0577	120,3976	106,6534	103,4428	106,6	..	109,6764	116,8443	123,0417	111,09	133,8299	114,01	118,9	119,0883	106,1907	109,3	111,2978	112,4859	101,7755	114,7	117,6295	110,36	113,5911	123,1845	117,7991	141,9924	138,1607	119,5161	136,7413
Jan-2022	113,9	117,3	114,8	126,1	132,4	108,1	122,1	108,8	108,1	110,9	104,6	123,8	121	106,3	103,7	108,3	..	110,4	116,8	125,7	111,2	134,6	114,5	117,8	121,4	106,5	109,7	110,9	111,9	101,9	114,6	118,6	110,7	114,4	124,1	119,1	142,8	137,8	120,2	138,1
Feb-2022	115,2684	118,005	115,9863	126,497	134,5426	109,2	123,8699	109,36	108,94	111,7541	105,7458	125,0925	122,3963	107,2514	104,2968	109,3	..	111,0046	118,7128	127,9733	113,64	135,7385	115,27	119,1	121,0419	106,8734	111,24	111,7667	112,8338	102,6218	115,4	119,7028	111,73	115,3309	125,1491	120,2217	144,2011	137,72	120,16	139,7107
Mar-2022	117,6	118,6	117,6	128,9	135,9	109,9	127,2	111	110,5	114	108,7	126,4	123,6	109,2	104,9	110,4	..	111,8	122,7	131	114,8	137,1	119,5	119,8	125	109,6	110	115,2	114,8	103,2	116,5	121,3	114,5	116,8	127	122	146,5	138,8	120,9	150,3
Apr-2022	117,9717	119,0159	118,3566	130,6482	137,5767	111,7	131,7143	111,3	110,97	114,7061	110,9716	128,3494	125,0757	110,2417	105,6845	110,3	..	112,6386	125,3879	133,4713	115,72	137,824	119,81	121,2	127,5539	111,9707	112,83	114,9483	115,5337	103,5838	119	121,9782	115,11	117,5134	128,3372	123,214	148,0906	140,6947	122,0916	..
May-2022	118,9	119,9	120	132,2	138,7	112,7	134,2	112,8	111,7	115,8	111,7	130,5	126	111,2	106,3	111,2	..	113,4	130,3	136,6	115,9	138,1	119,1	121,5	129,8	113,1	115,1	115,9	116,7	104,3	119,7	123,3	116,1	118,6	129,3	124,4	148,8	142,1	122,6	..
Jun-2022	120,5668	120,9484	120,8059	133,4483	139,4425	113,6	137,8668	113,57	112,55	115,7604	113,5169	132,4204	127,809	112,7336	106,7521	112,5	..	114,0828	133,5006	139,7608	116,75	139,2329	119,05	122,6	131,7053	114,0029	118,27	118,0443	118,3836	104,7828	120,5	125,0168	117,02	119,8185	130,4021	125,8715	149,7836	142,3474	123,3238	..
Jul-2022	121,8	121,9	121	135,3	140,6	114,9	140,5	113,9	112,9	116,3	111,4	135,5	129,3	113,2	107,9	113	..	114,6	136,4	141,5	115,6	140,3	121,6	124,2	132,4	114	119,4	117,7	118,5	104,7	121,2	125	117,2	120	131	126,4	148,8	143,1	124,1	..
Aug-2022	121,7563	122,9405	120,5689	136,924	142,0107	114,9	143,7629	114,03	113,38	116,7092	111,1074	137,9719	129,682	113,4314	107,6061	113,9	..	114,5045	136,9766	142,9273	116,7	141,2396	123,95	123,9	133,4147	113,6058	119,44	118,0421	120,5729	105,0193	121,8	124,9577	117,87	120,1738	131,2964	126,7489	148,2295	143,4492	123,8567	..
Sep-2022	123,8	124,1	120,6	138,1	143,3	116,4	144,2	114,9	112,7	118,8	114,4	143,6	129,8	113,4	107,8	114,2	..	114,8	139,1	147	117	142,1	126,9	125,6	135,5	115	118,3	117,2	122,3	104,8	122,3	125,2	119,3	120,6	132,2	127,5	147,8	144,7	125,3	..
Oct-2022	125,0002	127,0633	121,517	138,8198	144,3559	117,6	142,635	115,99	113,9	119,6612	113,0521	146,4841	130,6771	115,2255	108,4601	118,1	..	115,1264	140,2357	148,7797	118,02	142,9201	128,25	126	137,9731	116,4272	119,24	117,615	122,5611	104,8911	124,3	125,7344	121,04	121,4633	133,2595	128,5999	148,6718	145,9832	125,1666	..
Nov-2022	125,3	126,8	121,7	140,2	145,5	116,6	143,9	117,4	114,3	119,9	113	149,1	131	115,6	108,6	118,7	..	115	141,8	149,4	117,8	143,7	124,4	125,8	138,9	116,7	120,3	117,5	123,8	104,9	124,8	125,6	121	121,5	133,5	128,9	149,3	146	125,3	..
Dec-2022	125,5409	126,5776	120,9639	140,574	147,2975	115,9	143,7117	117,32	114,16	119,3449	112,4277	152,0355	131,9012	115,4249	108,8871	119	..	115,2002	141,1822	149,7879	117,06	144,2914	124,94	125,9	139,1127	116,3774	120,51	117,6503	126,3652	104,6662	125,3	125,2218	120,53	121,294	133,6456	128,8825	150,2068	145,7628	126,0991	..
Jan-2023	126,6	126,7	121,6	141,7	149,9	116,4	144,8	118	114,6	120,5	111,9	155,6	133	114,5	109,2	119,1	..	116,1	141,9	150,9	116,6	145,3	123,2	126,1	142,6	115,4	120,7	117,4	124,9	105,3	124,8	126,2	120,3	122,1	134,6	130	151	146,3	126,5	..
Feb-2023	127,8117	125,8145	122,0701	141,6091	152,4085	117,5	145,6087	118,98	115,78	121,4535	112,2241	156,8468	134,8755	116,322	109,7411	119,3	..	116,3598	142,7675	151,9534	118,54	146,0802	124,45	126,6	144,3223	115,6877	121,56	118,511	126,3205	106,082	126	126,9276	121,25	122,6667	135,1891	130,8223	152,2712	146,2036	126,7297	..
Mar-2023	128,5	126,5	122,7	143,1	154	117,3	146,6	119,8	116,8	122,4	113,6	158,1	135,7	117,6	110,2	118,8	..	116,5	143,8	152,7	118,9	146,5	124,7	127,6	146	117,7	121,6	118,9	127	106,2	126,8	127,3	122,4	123,2	135,8	131,5	153,4	146,9	127	..
Apr-2023	129,3255	125,6857	123,5712	143,5921	155,218	117,6	149,454	120,12	117,5	122,9295	114,3443	159,1414	137,4448	118,2158	111,0221	119,3	..	116,8026	144,3098	152,8052	119,99	146,4419	126,01	129	147,0085	118,3638	123,44	119,6565	127,6321	106,2411	128,3	127,9921	123,13	123,855	136,6347	132,2639	154,2878	147,8562	127,3774	..
May-2023	129,5	126,2	124	143,8	155,9	116	149,4	120,5	117,4	122,8	114,8	158,5	138	118,6	111,2	119,7	..	117,2	146,1	152,6	120,1	146,1	126,3	129,6	147	117,6	124,7	119,6	128	106,5	129,1	128,3	123,2	124,1	137	132,5	154,6	148,4	127,5	..
Jun-2023	130,1906	125,9731	124,2033	143,5376	156,3564	116,4	150,5307	120,69	117,65	123,1404	115,5154	158,9933	139,1497	119,6113	111,2357	119,7	..	117,1399	144,0865	152,3972	120,46	146,2719	125,83	130,4	147,0085	117,8722	126,46	120,2784	129,4065	106,5755	129,4	128,7287	123,48	124,4402	137,572	132,9925	154,5189	150,2801	127,666	..
Jul-2023	130,3	127	124,9	144	157,1	118,5	149,6	121,3	117,7	123,5	114,2	159,4	139,2	119,8	111,6	119,7	..	117,2	145,2	152	119,9	147	127,1	130,9	146,7	117,5	126,7	120,5	129,5	106,4	129	129	123,4	124,7	138,6	133,8	154,7	153,9	127,9	..
Aug-2023	130,7312	127,9651	125,3885	144,2022	158,2387	117,7	150,3768	120,43	118,89	123,8784	114,1563	160,5477	139,6606	120,608	112,0897	120,1	..	118,4155	144,336	151,7464	121,65	147,7904	127,7	129,9	146,683	117,8274	126,8	121,1295	129,5597	106,6516	129,4	129,5375	124,04	125,1993	139,5533	134,8469	155,0602	153,365	127,9103	..
